Actual_Yield,Predicted_Yield,Absolute_Error
2.0,2.5318026935105,0.5318026935105
220.59270516717328,283.5174519915525,62.92474682437921
1.875,5.916575523829543,4.041575523829543
10275.0,10094.084046258178,180.9159537418218
519.9311588264219,487.4310944890646,32.50006433735729
39.36692147324531,42.503966281469864,3.1370448082245517
2.447200249386276,1.7783971811660668,0.6688030682202093
5.828326455901479,11.905704406857284,6.077377950955805
1.419624217118998,10.60609354628586,9.186469329166862
3363.677130044843,3543.7964169926036,180.11928694776043
313.6986301369863,264.02533855376277,49.673291583223545
342.4811161376789,344.93518816937336,2.4540720316944657
348.3980850672068,431.8414108815707,83.4433258143639
354.80649188514354,408.83455243515306,54.02806055000951
423.0429404488426,370.78714913893833,52.25579130990428
2.8760423520966683,2.2795469610547667,0.5964953910419015
62.113372427273774,141.69964031197568,79.58626788470191
5.503312771304547,3.519479235740874,1.9838335355636727
355.0,391.3566155452333,36.356615545233296
395.3993728094448,443.07000834516055,47.670635535715746
43.6945107398568,43.43985297986337,0.2546577599934352
357.1428571428572,372.57116061631626,15.428303473459039
12100.0,9430.424371473113,2669.575628526887
245.97701149425288,235.75686695212687,10.220144542126008
129.28759894459102,163.79893062140118,34.51133167681016
225.4264563887995,296.0399755830522,70.61351919425269
2.774074996885511,5.0085486539988455,2.2344736571133343
380.0,368.7830743829725,11.216925617027528
221.5275430888813,300.70437668356124,79.17683359467995
671.5036803364878,670.9065717512834,0.5971085852044098
94.8050104537285,127.44458033767214,32.639569883943636
43.0,60.3444680986214,17.344468098621398
342.2680412371134,293.60741423036274,48.660627006750644
341.1311053984576,301.91677707375436,39.21432832470322
335.29318541996827,420.41502335116917,85.1218379312009
3.1142410015649453,2.359633712370666,0.7546072891942792
300.0,220.9651967825988,79.03480321740119
0.9991245622811404,4.014496176104132,3.015371613822991
10270.314701737903,9713.76821694019,556.5464847977128
2.2796200901481005,2.217915828030037,0.06170426211806346
106.53293222643256,186.4739367768949,79.94100455046234
85.58493150684932,104.13123568874647,18.546304181897156
3916.639045409347,3345.317822161092,571.3212232482551
1.9166666666666667,144.68427525608084,142.76760858941418
215.38785834738616,305.9151154036896,90.52725705630343
2.0,4.709542773789897,2.709542773789897
666.6666666666667,657.1308682730536,9.535798393613163
359.0223529809611,342.3868606124402,16.635492368520886
2.8965114581812874,2.0053947320532792,0.8911167261280082
94.98694232861806,185.19714029357206,90.210197964954
300.0,287.450769031023,12.549230968976985
311.001100110011,246.73718455667574,64.26391555333527
5.276328821393199,5.778617780305677,0.5022889589124775
297.2849385538725,153.74463925852783,143.54029929534468
2.4054138632451885,2.0297175099471323,0.3756963532980562
7.745015522593998,7.628183891316115,0.11683163127788276
2.0,2.8156964980547032,0.8156964980547032
4.138393376282067,4.048070104058783,0.09032327222328362
50.0,111.57391447114945,61.57391447114945
2.149152542372881,2.127099471689114,0.02205307068376694
2.115792384991242,4.208711547983598,2.0929191629923563
2.64,2.810265885124739,0.17026588512473895
775.2061286762319,848.6071394633062,73.40101078707437
251.5290519877676,280.14406604377376,28.615014056006174
400.0,322.4216237072464,77.5783762927536
1.8243243243243243,2.8060078406123354,0.9816835162880111
2.8,2.865661253515548,0.06566125351554808
299.13644214162343,296.0062739985979,3.1301681430255144
1.8610706207589849,1.9932095976011552,0.13213897684217035
50.71428571428571,155.16455344581522,104.45026773152951
221.42126041818983,255.19740833491605,33.77614791672622
1.2611764705882351,3.707343453154339,2.446166982566104
3.1634174311926606,3.279604571251041,0.11618714005838049
100.0,321.391268143331,221.391268143331
130.05050505050505,210.70546278706655,80.6549577365615
3.0,2.928459034501824,0.07154096549817579
3.226600985221675,2.3305924971117586,0.8960084881099162
216.3568773234201,233.61598651769964,17.259109194279546
419.077568134172,383.09660111033855,35.98096702383344
2.8526315789473684,2.6787476449515135,0.1738839339958549
350.0,379.16477385255087,29.164773852550866
225.6115107913669,337.8360072645532,112.22449647318629
410.7644305772232,438.23369450922655,27.469263932003344
385.0,426.2445960867498,41.24459608674982
110.20099356481154,129.16475707901745,18.963763514205908
6.649481295190192,6.154795701062155,0.49468559412803703
2.7631874298540966,2.207739924641553,0.5554475052125434
10000.0,8813.913793675723,1186.0862063242766
374.1100323624595,373.4567379296562,0.6532944328033068
669.2078839717367,671.6828026152199,2.4749186434831927
3.0392156862745097,3.250123629535934,0.21090794326142426
443.08945239165496,442.8476928198875,0.24175957176743168
3301.5879163439195,3592.4807686893255,290.892852345406
179.10175220482537,359.4580781351051,180.35632593027972
6.193590298830663,3.6509425428961966,2.5426477559344662
49.1045566937478,50.18546390005015,1.0809072063023493
1.6347160194475028,3.201941916828297,1.5672258973807942
2.3296317942723554,3.013918796781848,0.6842870025094925
4.397465862959773,3.957745640522764,0.4397202224370096
908.3333333333336,769.5107703295349,138.82256300379868
4841.830559757944,3474.0451905064415,1367.7853692515023
82.3887216713881,168.7436810706408,86.3549593992527
340.91559370529325,438.43858549283635,97.5229917875431
3.5119679883594035,3.8293711589301607,0.3174031705707572
44.45223880597015,49.30690546127357,4.854666655303426
450.7960064759849,401.3631998183669,49.43280665761796
0.7983441750443524,0.9123422567784466,0.1139980817340942
1038.2037996545769,923.7421137421043,114.4616859124726
831.9148936170213,834.8027006040418,2.88780698702044
436.299776407861,400.0969035215908,36.2028728862702
379.0474035524381,490.10750839787886,111.06010484544078
3.4078947368421053,3.051912969628669,0.3559817672134362
250.0,264.63329122353014,14.633291223530136
106.21362229102168,400.18688776273075,293.97326547170906
236.7579908675799,252.1440750831839,15.386084215604
3.966019417475728,18.818030490653424,14.852011073177696
2.345372168284789,2.4280520877555616,0.08267991947077258
1.252648097293056,2.1632879762900887,0.9106398789970327
24.938598348507306,92.80921592822453,67.87061757971722
3919.0945444158815,3719.9099698445666,199.1845745713149
2.323308270676692,2.186759370689003,0.13654889998768915
4312.634408602151,4267.373619381084,45.26078922106717
422.50970245795605,388.6434145955108,33.86628786244523
38.57003121748179,33.61516921670816,4.95486200077363
3.4734255786887367,3.7337133379810994,0.2602877592923627
2.361731320942996,2.480644418049882,0.11891309710688613
446.3414634146342,400.76551714093495,45.57594627369923
296.84210526315786,298.0944174256173,1.2523121624594182
749.976819656931,759.680057911927,9.703238254995995
175.0,212.69546531807347,37.695465318073474
168.56810244470313,298.8087530996261,130.24065065492294
6.5375,5.505457365302696,1.0320426346973033
5.422759824276343,5.289026358422368,0.13373346585397528
3.55167452909097,4.501234264238434,0.9495597351474641
420.5408069854236,418.9440712515599,1.5967357338637385
119.3758925956795,97.7478170546895,21.628075540989997
3.163576158940397,2.692588075843804,0.4709880830965929
43.698113207547166,104.76334775529166,61.065234547744495
2.161565880039332,2.6911064029596186,0.5295405229202865
10252.0,9568.913532052067,683.0864679479328
3.164961915125136,2.4256077671815355,0.7393541479436005
200.51768766177744,316.7174859843141,116.19979832253668
260.0,215.75336430335767,44.24663569664233
4.015125686608761,4.989610569125834,0.9744848825170731
164.01199600133288,241.5273113069127,77.51531530557983
339.1668368388809,316.0413790553774,23.12545778350352
3.436893203883495,58.72404375731379,55.287150553430294
147.82608695652172,222.73682603779753,74.9107390812758
3878.664192949907,3990.6856297886766,112.02143683876966
400.0,404.784387025266,4.784387025266028
2.105769230769231,1.9712833370417486,0.1344858937274822
3.482602118003025,2.8930664558009984,0.5895356622020267
110.48813857160788,107.94062709491841,2.547511476689465
450.0,421.9337344503629,28.06626554963708
49.1042471042471,49.5618770627338,0.45762995848669874
2.2821710999281093,2.1585732287179504,0.12359787121015886
122.7944627796113,1947.2537674290465,1824.4593046494354
4.897789852412071,5.259925273633711,0.3621354212216401
770.0,731.6267579108886,38.373242089111386
517.327645838137,458.7885481731583,58.53909766497867
372.7272727272728,395.54605691965565,22.81878419238285
307.9528794464878,339.5029609705833,31.550081524095447
238.4896872920825,310.04163095984063,71.55194366775814
1.808252427184466,2.0666353236578834,0.2583828964734174
1.530024388636214,3.1604406031555974,1.6304162145193835
2.2857142857142856,2.5841095892770727,0.2983953035627871
86.79993964996983,135.58913140905517,48.78919175908534
312.451171875,324.71875051692183,12.26757864192183
7.178670360110804,5.0375253734664875,2.141144986644316
279.5064826432455,326.48294510261286,46.97646245936738
244.5109780439122,265.41073654980954,20.899758505897353
3.97914621448758,3.6421387479941,0.3370074664934801
24.36797752808988,132.80152907808144,108.43355154999156
66.89163090128756,297.4503975176449,230.55876661635733
430.7692307692308,432.5389813848765,1.7697506156457052
2.923444976076555,2.3020026240228035,0.6214423520537515
107.6690014975122,112.69251165476962,5.0235101572574195
129.4478527607362,153.37884787640303,23.930995115666832
3310.808396605628,3432.5913832977844,121.78298669215656
0.887197016780609,1.9208415281084559,1.033644511327847
259.74130962004847,363.2398552466372,103.49854562658874
348.81720430107526,226.581373471782,122.23583082929326
2.7241379310344827,2.7326790509167203,0.008541119882237602
2.621208827046418,3.6827151965670017,1.0615063695205835
10621.343873517784,2348.0929533155004,8273.250920202285
2.7533333333333334,2.994924398575917,0.24159106524258345
1.9130434782608696,5.869457290937106,3.9564138126762365
77.41963780418789,90.8006319309117,13.38099412672382
3.349542961608776,2.1485029821752297,1.2010399794335465
225.7387988560534,283.7855548314405,58.0467559753871
157.24535070329463,179.67981643965493,22.434465736360295
345.1059535822401,417.9647173848589,72.8587638026188
423.19969222518864,401.50603422271604,21.693658002472603
2.527234142890828,1.8246830657183792,0.7025510771724488
3.0,2.8820274915065967,0.11797250849340335
108.40543735224588,145.25773690052668,36.8522995482808
407.4202611138656,319.98281529585984,87.43744581800576
731.792975970425,826.4143565003199,94.62138052989485
1.573943661971831,2.600491851720072,1.0265481897482411
411.6666666666666,427.23314568757945,15.56647902091288
249.50363997352747,255.55783084445187,6.054190870924401
3.5175879396984926,3.4903278558703192,0.027260083828173354
243.62606232294613,268.6887983410046,25.062736018058473
669.1390728476822,685.332097329841,16.193024482158762
5.7601029601029605,6.520965862453419,0.7608629023504587
504.593837535014,436.9716407290585,67.62219680595553
408.0560420315237,274.08619105259163,133.96985097893207
356.0456146235117,309.8752776152358,46.17033700827591
4.040799486568259,3.842081078616162,0.1987184079520974
3078.5024154589373,4431.293300047608,1352.7908845886705
64.85207594408513,2802.1567579688444,2737.304682024759
497.0501474926253,411.49848007636143,85.55166741626385
3.8354162145601696,3.9346284834763114,0.09921226891614188
11200.0,10384.728891561228,815.271108438772
3.7891210090658256,3.8170923107697625,0.027971301703936913
4.697134566557852,3.8253213002171735,0.8718132663406788
449.3618489134184,394.81383038445625,54.54801852896213
3.1818181818181817,2.2571537452129244,0.9246644366052572
318.8982402448355,355.75907019877,36.86082995393451
2.206766240777398,2.506474228978202,0.299707988200804
3.320114227810788,3.8818258087167834,0.5617115809059956
1.955621032167917,2.5205784953833716,0.5649574632154546
354.4715447154472,368.1508025535094,13.679257838062199
171.70993733213965,198.18162770444738,26.471690372307734
3982.3529411764703,3970.95483308194,11.398108094530471
72.94416371905002,134.00374869215253,61.0595849731025
3.849538829824685,3.0854754557742914,0.7640633740503935
1.916391412056152,109.01594762010305,107.09955620804689
4691.001747233548,3787.9704681433645,903.031279090183
8245.535884256617,7842.915810436836,402.6200738197804
244.8,251.02767878953867,6.227678789538658
3.306487695749441,3.2881609822184985,0.018326713530942396
7.477621692257432,4.76928996135542,2.708331730902012
1.7811013959196196,2.4742019627732037,0.6931005668535841
735.2124183006537,788.1220748149201,52.90965651426643
883.9024009978174,787.9102953505263,95.99210564729105
1.417364266921789,1.951620342867479,0.53425607594569
165.21868491520382,461.78212068172945,296.56343576652563
10297.297297297297,8965.782553235073,1331.514744062224
9943.976545842215,8779.89540857263,1164.0811372695862
445.83333333333326,355.66039335305146,90.1729399802818
699.7005988023952,540.162657658508,159.53794114388722
188.41499667584765,116.96029229590481,71.45470437994284
233.90476190476195,252.53305805772217,18.628296152960218
3.358204334365325,165.7248800591706,162.36667572480528
3.125,2.8339439365243084,0.2910560634756916
47.87603305785124,39.80148088892488,8.07455216892636
2.0,2.4663926746711717,0.46639267467117174
206.4957264957265,232.0508816852303,25.555155189503807
98.54800678312832,113.72853604115157,15.180529258023256
220.0,221.45012678110186,1.4501267811018579
350.0,396.541200625224,46.54120062522401
401.5630151065605,426.6038512008598,25.040836094299323
443.3423180592992,438.5258231669679,4.81649489233132
1.7236842105263157,1.427132654730382,0.29655155579593373
2.616107000569152,2.34529820613892,0.270808794430232
2.0273400417695084,2.3393557001884226,0.3120156584189142
8699.414634146342,8807.568984232425,108.15435008608256
531.1895776249808,498.963020835274,32.22655678970676
195.5452865064695,213.4379351288486,17.892648622379113
823.6234905117884,343.7574259943016,479.8660645174868
2.951249908364489,2.578206285331384,0.3730436230331051
3.415036450586611,3.0130608392610685,0.4019756113255424
400.0,320.0864759850508,79.91352401494919
0.6150176311968472,2.0315718696236784,1.4165542384268313
300.0,298.3789954530775,1.6210045469225065
398.3579391382946,472.6006812368259,74.24274209853127
1.1906014378397334,2.1576860971718754,0.967084659332142
40.77948717948718,42.79165196002298,2.012164780535805
2.245121951219512,2.4019735970882694,0.15685164586875722
1.421630094043887,1.654962346262301,0.23333225221841403
270.5882352941177,217.089974528984,53.49826076513369
3.0,3.0798717514583744,0.07987175145837444
420.0,360.5230298030414,59.476970196958575
2.7043478260869565,1.6906299994046257,1.0137178266823308
392.58652691341854,442.2191634559927,49.632636542574176
3.908102025506377,3.8431147234235694,0.06498730208280756
3.611812743329218,3.7665332756414767,0.15472053231225846
10327.586206896554,8755.371363598266,1572.2148432982885
112.63837974683544,106.25267873004807,6.385701016787365
52.61436170212766,45.11075438367697,7.50360731845069
516.6206007002028,410.7606852247302,105.85991547547258
3.862162162162162,3.7103153050969815,0.15184685706518053
37.64776549735704,37.33889658215435,0.30886891520269444
3330.042313117065,3016.5027808125237,313.53953230454135
50.15410447761194,45.391317677895046,4.762786799716892
205.6907216494845,262.6308030639702,56.94008141448569
25.38697825694151,142.1816362581708,116.7946580012293
246.0,254.82612170605964,8.826121706059638
422.1195167436957,419.23700958441276,2.882507159282966
5.0022807906741,6.112416107493317,1.1101353168192167
4.579460988266093,5.900501692511748,1.3210407042456547
12942.353037497953,11153.14444174084,1789.2085957571126
805.7796360059026,402.029417878117,403.7502181277856
1.3064596895343017,2.473663023117369,1.1672033335830674
125.07735090040228,119.00953241060473,6.067818489797546
45.74766822118588,270.661014725533,224.91334650434712
452.4847346171912,440.44777491722414,12.036959699967042
263.81673881673885,264.50198251288236,0.685243696143516
127.59961501443696,107.75037624233073,19.849238772106233
293.89978213507624,309.80274223136223,15.902960096285994
2.6541822721598,3.5183308194052985,0.8641485472454984
93.80707652897854,104.95785828751465,11.150781758536112
1029.8221614227089,859.4444078662149,170.37775355649399
5.333333333333333,3.874130792180177,1.459202541153156
409.271523178808,403.72445733884257,5.547065839965455
2.839378238341969,4.517380529549787,1.6780022912078185
633.6667376037454,731.942927175738,98.27618957199252
89.66013859596264,677.69512971921,588.0349911232473
1.5447911814935569,2.1683435135596296,0.6235523320660727
4070.488081725312,4224.046600089422,153.5585183641101
1.8550315815294045,2.6309284883384394,0.7758969068090349
6.6571428571428575,5.8498117705338295,0.807331086609028
1.8007467085871487,2.0122971483929444,0.2115504398057957
10100.0,8871.908813951017,1228.0911860489832
434.1594382486576,455.4031131431669,21.243674894509297
5.975231175693527,3.6224954779161513,2.352735697777376
675.0,483.43070198452034,191.56929801547966
2.457123256345758,58.36479942234363,55.90767616599787
2.4056571815718155,2.59617928726753,0.19052210569571448
458.6497890295359,153.30196875279916,305.34782027673674
260.0,272.0060981219201,12.006098121920104
259.1397849462365,246.86216537412812,12.277619572108364
215.929203539823,225.91818668310813,9.98898314328514
2.1175548589341693,2.1229492122052296,0.005394353271060304
0.843466107617051,3.1112313808098677,2.2677652731928166
1.0652962515114872,1.1788669869608543,0.11357073544936713
263.52871521610416,350.3547553446274,86.82604012852323
47.73913043478261,202.73671508841687,154.99758465363425
1.3476842791911283,3.51414717777845,2.166462898587322
2.0,2.085448890701361,0.08544889070136108
278.4061696658098,296.9501567321441,18.543987066334296
508.7635201573255,409.9992505452144,98.7642696121111
3.549690765621668,171.41176615288904,167.86207538726737
10758.349966733202,9012.229839086904,1746.120127646298
1129.187787682806,853.1037550214443,276.0840326613617
245.14106583072103,282.4908647779734,37.34979894725237
100.5219378427788,143.81918047200375,43.297242629224954
1.3722746501789782,2.163217278750105,0.790942628571127
332.1171465968587,382.53713353441276,50.419986937554086
3.626655223148602,2.6023457013297064,1.0243095218188953
313.6482939632546,292.6339902817667,21.01430368148789
1.4497206703910617,66.35546667926222,64.90574600887116
664.7058823529412,654.2834642098658,10.422418143075447
5286.576631880499,7032.52695084971,1745.9503189692114
190.36144578313247,149.88367866261592,40.477767120516546
3832.022471910113,3805.145924478856,26.876547431256768
314.3104943625325,282.58050939660035,31.729984965932147
9764.63829787234,9422.299221442234,342.3390764301057
2.2819148936170213,28.868941842709784,26.587026949092763
2.523809523809524,2.773821582690536,0.25001205888101197
6.64904386951631,4.479910786835759,2.1691330826805517
300.0,298.503445389747,1.4965546102529856
128.57142857142858,146.50859515966448,17.937166588235897
3.589401709401709,3.528935757191207,0.060465952210502216
419.8017148981779,279.76926899624686,140.03244590193106
810.4507361268404,638.0220589116229,172.42867721521748
671.6580721935741,698.3790190349804,26.720946841406317
1.5,2.048254283636647,0.5482542836366471
228.5150468672916,256.81014013417627,28.295093266884663
3.052346530494949,3.7792838707575553,0.7269373402626065
2.4805732484076435,2.5145959931955515,0.03402274478790801
3.328711256117455,4.460576207585715,1.1318649514682604
233.3333333333333,258.2030648123731,24.869731479039814
1.82,2.5914463994314403,0.7714463994314402
684.2105263157895,678.2468992167882,5.9636270990013145
260.3000463193289,356.2320474515827,95.93200113225379
2.2857142857142856,2.622790068193731,0.33707578247944525
3.946314102564103,4.8440201331389225,0.8977060305748195
3.475280407865987,5.15545950585331,1.680179097987323
103.5,999.0623093064123,895.5623093064123
8600.0,9372.472429906922,772.4724299069221
92.48559435222286,100.0847779424828,7.5991835902599405
4.103977541061028,4.403214138867537,0.2992365978065088
350.00986387847706,230.0071642293536,120.00269964912346
188.9082125603865,240.04897105593525,51.140758495548766
2.313725490196078,2.191857016267921,0.12186847392815725
284.4054580896686,271.88396697486087,12.521491114807759
165.39407716501103,186.16812086151808,20.77404369650705
391.7624521072797,321.9543230525168,69.8081290547629
124.61045142542211,146.4251865854374,21.814735160015275
446.875,413.6759150528575,33.199084947142524
1.8689956331877728,2.066791817182927,0.19779618399515408
871.4869281045752,841.460284443105,30.02664366147019
3.007692307692308,1.6986240715004426,1.3090682361918655
106.86851938346568,107.49772744178917,0.6292080583234849
348.37662337662334,289.7436652935189,58.63295808310443
33.92490154776078,72.09362383646432,38.168722288703535
249.3969196511412,206.25254645018944,43.14437320095175
1.974104318399176,2.3456145125203345,0.3715101941211585
5.3209393346379645,4.353484108757012,0.9674552258809523
5391.098039215687,4049.35591224678,1341.742126968907
41.53369565217391,43.037600979789275,1.5039053276153638
1.9814814814814807,2.158024240033315,0.17654275855183443
245.45454545454547,290.8095609689707,45.35501551442522
5.277639289067306,5.039079219741496,0.23856006932580964
2.6,2.7911798584147904,0.19117985841479035
210.40040657784883,202.05400398306074,8.346402594788088
2.625,2.4207724409844853,0.2042275590155147
2.631036703155184,3.0365388638160615,0.40550216066087774
3.7442157332056807,3.9737252930690214,0.22950955986334076
270.8002144472157,362.15154464860984,91.35133020139415
6.736013351716131,5.70782658284242,1.0281867688737103
101.45093457943923,6394.393618098691,6292.942683519252
699.8655010087424,642.9721575782859,56.893343430456525
1.8777435760171304,2.041411148722016,0.16366757270488574
251.5735815602837,276.4797381577872,24.906156597503497
4306.493506493506,4093.9275976824256,212.5659088110806
235.6209150326797,200.38358114221785,35.237333890461855
6688.00275008594,3735.0395919410653,2952.9631581448743
2.2020746328977503,2.068934128731225,0.13314050416652545
2.1379310344827585,2.86915676957633,0.7312257350935716
6.536988968202466,7.048889627653631,0.5119006594511655
1.6601794662626734,1.5607383708854565,0.0994410953772169
4070.422535211268,4034.3696133298045,36.05292188146359
322.8070175438597,310.3612307200961,12.44578682376357
412.10801393728224,402.5411604649418,9.566853472340426
1.609979633401222,2.5556088888348154,0.9456292554335934
3885.185185185185,4072.9077146988834,187.7225295136982
682.6042466103863,830.9821209871108,148.37787437672444
1.3667474689861685,1.9944708342619704,0.6277233652758019
271.824731309791,234.93393429704645,36.89079701274454
2.213043478260869,165.2743392190426,163.06129574078173
300.0,286.1041937931419,13.895806206858083
44.453125,71.1153427256856,26.662217725685593
350.0,378.28478253234175,28.28478253234175
302.5,317.4597194670726,14.959719467072603
1.8250462995522423,1.979185291385689,0.15413899183344681
2.227313375633437,10.842346483407853,8.615033107774416
684.2677824267782,557.7568423533716,126.51094007340669
2.4669517884914463,4.257700227837046,1.7907484393455997
388.4172225591267,302.43340281896155,85.98381974016513
323.62768496420045,214.21014023262083,109.41754473157962
44.09992278115223,168.14497882204572,124.04505604089348
6.292583120204603,6.3050903196068955,0.01250719940229228
3624.394645811401,3829.3791320541222,204.98448624272123
2.7186636892519247,2.2547103927661736,0.4639532964857511
1.254170457992114,2.18834097982397,0.9341705218318561
392.5849476024135,311.76373099948665,80.82121660292682
4800.0,3793.776411467683,1006.2235885323171
3.1541066892464014,2.8122616269834317,0.3418450622629696
2.143343267648236,2.9694074967792035,0.8260642291309677
1.405557792992348,116.55891203763206,115.1533542446397
296.3855421686747,266.1197677403737,30.26577442830103
108.22607456661126,183.30315141946036,75.0770768528491
323.2941176470588,255.02121416922174,68.27290347783705
669.2073634565647,794.848418663346,125.64105520678129
2.5072463768115942,2.2684282841146537,0.23881809269694054
160.14298480786414,187.89341852735146,27.75043371948732
228.14428096820123,219.9712516797105,8.173029288490739
3.677244077374484,6.473577376134266,2.7963332987597815
3831.82527301092,3729.2959793801133,102.52929363080648
188.9711324944485,282.8344881815121,93.86335568706357
3983.759124087591,4018.6658648004964,34.9067407129055
37.75747198007472,50.893619401450685,13.136147421375966
99.06894997746733,111.30148644919589,12.232536471728565
344.44444444444446,328.0279071329602,16.416537311484262
244.1176470588236,243.54076864608385,0.5768784127397453
164.64646464646464,194.6232348136439,29.976770167179268
4.187206774230461,3.548812393475429,0.6383943807550319
4.022286077049016,4.0155119474874015,0.006774129561614828
305.2919386135121,219.59257630489816,85.69936230861396
10600.0,9978.459851099038,621.5401489009619
1.5421686746987953,189.54839865950132,188.00622998480253
362.962962962963,392.28886392509986,29.32590096213687
2.923758865248227,2.505171276311962,0.41858758893626513
2.077701599738818,2.6599556447126806,0.5822540449738627
381.5561959654178,359.5659432988259,21.990252666591914
114.36464088397793,306.8585326825336,192.4938917985557
110.06582115909455,160.94572741375296,50.87990625465841
1.947872794970396,2.2066856207693193,0.2588128257989233
312.5,224.5539989386431,87.9460010613569
3.111111111111111,2.586200443885604,0.524910667225507
1.756839327871129,2.316522752793205,0.5596834249220761
2.2873563218390807,2.23062381403684,0.056732507802240484
736.3636363636363,754.0101229749409,17.64648661130468
3.8002564924655338,3.3105104112864496,0.48974608117908414
486.8659903897491,470.8967891488035,15.969201240945551
43.69431279620853,44.04799276791744,0.35367997170891385
36.7338329170136,50.58470048680243,13.850867569788832
262.4161073825503,253.5549122947571,8.86119508779322
3.631774707757705,3.3856656544271666,0.24610905333053834
1.7584415584415585,7.977622410463246,6.219180852021688
2.6538461538461537,2.389363016389451,0.2644831374567027
3.262590829366073,648.2974002297598,645.0348094003937
101.48894062863796,112.39597333416155,10.90703270552359
398.35058430717856,579.0179159790879,180.66733167190932
31.102683178534573,38.82240178565504,7.719718607120466
2757.6248029427225,3314.8315895173137,557.2067865745912
0.26437340464324,15.614570470712419,15.350197066069178
235.06493506493507,239.47691246219168,4.4119773972566065
191.6391412056152,109.01594762010305,82.62319358551215
3983.819628647215,3727.9793663486225,255.84026229859228
288.0905786972324,315.6911425634442,27.600563866211814
97.635593220339,1088.564511229043,990.928918008704
147.26027397260273,155.40615323053987,8.145879257937139
672.3723723723724,660.0585558425466,12.313816529825772
2.0121951219512195,1.8717154802679499,0.14047964168326965
108.86753897786652,100.02075626425038,8.846782713616136
684.256559766764,671.2243880203721,13.032171746391896
3.5,4.906057940392567,1.406057940392567
304.5121951219512,299.7715952549325,4.740599867018716
1.3224623697414126,2.1051344769351554,0.7826721071937428
5.2248084855627575,3.8321356526952974,1.39267283286746
3.109090909090909,2.863748773820931,0.24534213526997783
8322.456526870721,10484.74999947729,2162.2934726065687
410.5084745762712,416.82838866510934,6.319914088838118
439.7455089820359,154.62946313236833,285.11604584966756
1.6469035890218156,2.949475143623128,1.3025715546013126
4184.285207520397,3340.9480491337117,843.3371583866856
315.17857142857144,299.87552652413007,15.303044904441379
472.9463307776561,344.21271731418005,128.73361346347605
10100.0,9652.82540708937,447.17459291062914
4.223300970873787,2.7180106621766194,1.5052903086971674
289.6296296296296,209.2984825715527,80.33114705807691
238.12423873325207,216.3794892819337,21.74474945131837
2.055041402825134,3.0677373335292986,1.0126959307041647
2.1960988296488946,2.5566431332683237,0.36054430361942913
362.0967741935484,344.1732389741837,17.923535219364737
357.1428571428572,320.6522607190734,36.49059642378381
1.9036144578313248,149.88367866261592,147.98006420478458
420.2610917248255,429.8553383789243,9.594246654098754
8842.21052631579,8966.419473209307,124.20894689351735
3.181951675343746,3.8390435061853663,0.6570918308416203
6.9531182795698925,7.386126768955096,0.43300848938520353
2.75,2.7439971743803375,0.006002825619662477
343.47826086956525,274.9563903329971,68.52187053656814
36.76807327445208,45.392954063290176,8.624880788838098
1.6371061843640606,3.076733758094839,1.4396275737307782
872.258064516129,788.0660084170314,84.19205609909761
2.7125,2.274638496642843,0.4378615033571571
256.25,150.57289272845915,105.67710727154085
731.6326530612246,818.1985427682321,86.5658897070075
0.2154840695705699,54.203490567745604,53.98800649817503
243.7222790856363,298.948467171337,55.22618808570067
3.0991196296207453,3.5803822054117496,0.4812625757910043
379.3053545586107,283.0986582964795,96.20669626213117
342.1052631578948,314.3602406950115,27.7450224628833
455.55555555555554,412.13292873889424,43.42262681666131
9185.044642857143,8757.554650318136,427.4899925390073
5.943856858846918,5.9855180041090925,0.04166114526217424
11023.370129257475,8892.058920644657,2131.3112086128185
129.41176470588235,152.77727232652526,23.365507620642916
430.4226314318541,422.97006693465977,7.452564497194317
2.3125,2.2572092389253933,0.05529076107460673
3.9702970297029694,3.775513452630838,0.19478357707213156
2.3634009495036685,3.2576047366935414,0.8942037871898729
94.35743249072556,98.05459104279333,3.6971585520677763
2.754237288135593,2.8654293878074184,0.11119209967182542
922.0338983050848,773.4346836905048,148.59921461457998
431.9488996122842,394.81089045829833,37.13800915398588
2.363295880149813,2.4829882434144874,0.11969236326467447
5.775129809612568,5.006424306529928,0.7687055030826402
372.8388998035365,360.5392911943092,12.299608609227278
1.885109199205824,1.7825816987025132,0.10252750050331083
389.80855855855856,353.3559165810943,36.45264197746428
129.66644204851752,124.89238794487052,4.7740541036470034
454.84581497797353,233.38144992530167,221.46436505267187
684.0,664.4686107401168,19.531389259883213
243.6170212765957,265.56267669049146,21.945655413895764
108.434563093981,140.5739509752847,32.139387881303705
314.2857142857143,296.69515862757686,17.59055565813742
330.7692307692307,311.4924890035007,19.276741765730037
396.5567396313364,405.72043384556355,9.163694214227121
2.4,3.002014805878586,0.6020148058785861
47.74,48.3294188897931,0.5894188897930945
903.4545954366351,887.7684878334486,15.686107603186542
2.8204833141542003,2.5889656793285547,0.23151763482564558
2.4320394824596505,2.374546198102394,0.057493284357256424
316.0,323.79462828721717,7.794628287217165
373.9833843463052,391.8480239532905,17.86463960698535
10678.98936170213,10083.142001750239,595.8473599518911
200.0,335.551057597511,135.55105759751098
342.85714285714283,333.45958847273397,9.397554384408863
359.375,356.47575231814784,2.8992476818521595
331.17803365810454,266.8220395906134,64.35599406749117
5.069767441860465,5.0250425411053845,0.04472490075508073
3.198558847077662,3.656558213331401,0.45799936625373894
448.06740831809054,459.5380231157509,11.470614797660346
252.0,254.65519660838947,2.655196608389474
351.75008488964346,382.4508837409331,30.70079885128962
85.33890862124636,91.3563158781236,6.0174072568772345
428.6026200873362,413.79700157552287,14.80561851181335
3.8493729203992832,4.689469864113076,0.8400969437137928
311.1111111111111,356.13291858090577,45.02180746979468
2713.967611336033,3812.849066671599,1098.881455335566
164.4736842105263,227.35098841871306,62.87730420818676
2.625,2.615072609059869,0.009927390940131176
749.9707431246343,735.3965452241501,14.574197900484137
1.5269709543568464,1.5877501199316597,0.06077916557481333
1.8992494226327945,2.461211390071885,0.5619619674390905
4.128611170554247,6.546663647609202,2.418052477054955
1.88,2.295057934638826,0.4150579346388259
285.4922279792746,263.72695521406877,21.76527276520585
216.66666666666663,227.2422009084177,10.575534241751058
38.076137418755806,39.407920663008895,1.3317832442530886
8821.652749784049,7312.971240925378,1508.681508858671
2.190188679245283,2.4140642446020166,0.22387556535673347
1.6672853828306264,2.2999382074983625,0.6326528246677361
2.402061855670103,3.4075564695928997,1.0054946139227967
385.8975030099984,415.11061200301964,29.21310899302125
254.2965336440432,206.20554793796848,48.09098570607472
240.0,245.17677416672848,5.176774166728478
3331.1004784689,3607.1209149170045,276.02043644810465
750.0,754.0750677126288,4.0750677126287655
10357.352941176472,2239.192973904884,8118.159967271587
93.43320666471791,132.34384202314052,38.91063535842261
47.48632407791131,42.534577853458465,4.951746224452847
4.397455089820359,154.62946313236833,150.23200804254796
206.4782096584217,213.84245501100182,7.364245352580127
3.577251897954996,3.9197822507375615,0.3425303527825654
641.9002242152466,362.2332686099317,279.66695560531485
3878.675282714056,4935.817414822162,1057.1421321081066
89.75292043200352,110.36528001346514,20.612359581461618
436.9035308021864,385.2780980461835,51.62543275600291
875.0,756.6121822149616,118.38781778503835
125.55296856810244,140.14484124742808,14.591872679325633
113.60798499464094,112.00976452489013,1.5982204697508138
3690.85684430512,3288.7937435939666,402.0631007111533
5.32,11.21113544278892,5.89113544278892
106.10607553366174,106.46353945042578,0.357463916764047
200.0,234.50239624966852,34.50239624966852
1.287962962962963,1.3845881562206137,0.09662519325765073
43.988992581957405,44.72087997405948,0.7318873921020739
3.515163834458086,3.471079439433151,0.04408439502493522
1.890981169474728,1.960667590501866,0.06968642102713796
671.5999999999999,684.2607880601835,12.660788060183563
156.69291338582678,225.84649782174782,69.15358443592103
3.910009624639076,263.5273369307734,259.6173273061343
269.5652173913043,281.31411404075914,11.74889664945482
2.142857142857143,2.228323109153005,0.08546596629586212
4.73170875272235,6.670694724792836,1.938985972070486
669.1818567189488,696.7115881356249,27.5297314166761
1.8311433614434205,2.065299575309766,0.23415621386634555
2.401119616131612,2.144853242281091,0.25626637385052087
121.17371538779447,176.60027510500757,55.426559717213095
1833.508771929825,3689.381704113672,1855.8729321838473
435.70701932858606,236.73817774611308,198.96884158247298
3.1030927835051547,2.332044425613169,0.7710483578919858
221.30434782608688,165.2743392190426,56.030008607044294
242.85714285714283,261.88908046988075,19.03193761273792
369.24058710912567,259.2718037406653,109.96878336846038
2.474111530517769,4.182304382589315,1.7081928520715461
309.9600099975006,266.4172329420453,43.5427770554553
549.5245062179956,393.07667947031734,156.44782674767828
171.42857142857142,125.58748150448737,45.841089924084045
221.20343839541547,293.04778958809516,71.84435119267968
5.0401393728223,4.520743534564141,0.5193958382581592
684.1222288795686,463.5357629971617,220.5864658824069
2.008994276369583,2.9531024634653824,0.9441081870957992
87.83085390441937,105.72488441176549,17.894030507346116
2.225,2.8491253405188917,0.6241253405188916
1.0287490388750602,2.729916533518692,1.701167494643632
237.4870197300104,246.21072692728947,8.723707197279083
383.6676842564326,394.52435487135335,10.856670614920745
295.74468085106383,265.6593234401627,30.08535741090111
98.91400115712042,106.50599062778447,7.591989470664046
200.0,391.6884579190873,191.68845791908728
287.2905027932961,347.20946642218723,59.918963628891106
53.58409926470589,53.57083274183231,0.013266522873578879
100.0,76.62720069523158,23.37279930476842
3.070344129554656,23.38441353459067,20.314069405036015
1.7740384615384617,1.468786575047657,0.3052518864908047
3.8486628849270654,4.214714130131906,0.36605124520484056
1.3974358974358974,19.97334141414659,18.57590551671069
517.7123346137431,395.00175804202297,122.71057657172014
684.3304843304844,657.2660202588295,27.064464071654925
1.7543414124061694,1.5319222097792442,0.22241920262692516
286.13352040219803,248.86171207861557,37.27180832358246
104.69032258064516,7176.091216644804,7071.400894064159
1.5833333333333333,139.9705567962624,138.38722346292906
312.5748502994012,307.7677408911093,4.807109408291865
9151.447661469932,10080.32333895599,928.8756774860576
40.39990590449306,161.39562838007717,120.9957224755841
1.081257461201751,1.3630655686728614,0.2818081074711105
216.24365482233503,216.99642760473142,0.7527727823963914
1.8902439024390243,2.763911694484356,0.8736677920453317
494.8764315852923,337.2275930298624,157.6488385554299
41.53481894150418,42.54275642034221,1.0079374788380306
2.541928721174004,3.0019049199330157,0.45997619875901163
179.105098855359,242.9889658717451,63.88386701638612
312.0,306.72840680486905,5.271593195130947
3.183969097054563,2.4172780292709377,0.7666910677836252
2103.520456707897,2492.923049197417,389.40259248952
342.85714285714283,327.3561459567335,15.500996900409348
4.819928362097037,4.504496602670098,0.31543175942693846
3831.902552204176,4635.861841037757,803.9592888335806
2.0,2.5227866447468066,0.5227866447468066
2.2133333333333334,2.3879414454036807,0.17460811207034732
86.4969145826567,141.62175103636866,55.124836453711964
900.0,793.4494041464452,106.5505958535548
125.0,390.65049004816865,265.65049004816865
3.630081300813008,2.458547772068659,1.171533528744349
10293.458528951487,9800.238945583997,493.2195833674905
170.86762285445565,301.9278662945069,131.06024344005124
170.98134991119002,64.24830770065778,106.73304221053225
81.0,108.31862951042332,27.31862951042332
2.735887096774193,2.767818215143559,0.03193111836936602
3831.9492502883513,3762.5996848732775,69.34956541507381
130.05649717514126,81.59022574113864,48.46627143400262
964.205337048548,804.4656212527157,159.73971579583235
539.5962732919255,709.4091322752142,169.81285898328872
921.9020847973763,802.1765955334162,119.72548926396018
301.4492753623188,296.717950969735,4.731324392583815
300.0,357.979860996646,57.97986099664598
2.0803497640692066,179.4345866029704,177.3542368389012
6689.163090128755,297.4503975176449,6391.7126926111105
112.92559318129464,114.6656499570921,1.7400567757974557
1.7211246200607904,2.0740008496762674,0.35287622961547704
315.0,297.86386644110513,17.13613355889487
1.6502642735230963,3.5566042566473364,1.90633998312424
109.83124892924448,120.30069425749475,10.469445328250274
3.03047592541052,2.438338865455874,0.5921370599546458
3.0,2.5082426098216852,0.49175739017831477
2.189479060265577,2.348499121729407,0.15902006146382996
399.3937924345296,334.85221365121674,64.54157878331284
4070.500532481364,4759.515043344855,689.0145108634911
1.4399725980476108,2.2617002674029725,0.8217276693553617
10000.0,9992.999566862625,7.000433137374785
4.34968734968735,6.268764280229486,1.9190769305421362
372.0178372352285,393.33821748901045,21.320380253781934
47.74043938161107,59.74452990344102,12.004090521829951
8846.57487091222,9366.206767933763,519.6318970215434
3.8380993028880352,4.163219785407415,0.3251204825193801
2.431378442348875,11.708001165554709,9.276622723205834
699.7856377277599,656.5901864163279,43.19545131143195
2.7999876281007072,24.358807763941837,21.55882013584113
3878.733031674208,3994.019018687446,115.2859870132379
113.8689497716895,105.56075969537706,8.308190076312442
294.44444444444446,254.0811090087829,40.363335435661554
101.26507537688444,685.5448028614769,584.2797274845925
2.6278688524590166,3.093525544960074,0.46565669250105746
1.1095132743362832,3.2031336550041636,2.0936203806678804
2.996935461739011,3.400967965662852,0.4040325039238408
255.1798174986581,287.79122206961245,32.611404570954335
2.0283193104863533,2.463677131925263,0.43535782143890955
145.53704429635437,113.0242390346359,32.51280526171847
2.651296168846065,4.230573586173372,1.5792774173273068
3.670391061452514,3.1142635039825923,0.5561275574699218
2.7370892018779345,4.14017054166643,1.4030813397884958
2.6210070384407147,3.261302709744116,0.6402956713034014
123.93172051567724,113.55018585875473,10.381534656922511
222.63056092843328,69.43158979704262,153.19897113139066
4.522529644268775,265.8090835071415,261.2865538628727
665.4589371980676,797.1108220710178,131.65188487295018
4.737355451287546,4.490415929687987,0.24693952159955934
50.588235294117645,194.04145589852132,143.45322060440367
495.78669754277627,453.10506143917206,42.681636103604205
2.925925925925926,2.5720441241422414,0.35388180178368467
314.5104895104895,312.8234083149083,1.687081195581186
2.210843373493976,2.477595051539388,0.266751678045412
2.5544041450777204,1.8820771157068645,0.6723270293708559
573.1064446053584,496.3701691430745,76.73627546228391
119.47926711668272,195.02798175521818,75.54871463853546
1019.3189092305722,856.7087513372572,162.61015789331498
76.5899436497616,1940.4419946462222,1863.8520509964605
2.3744198744198743,2.1891755124833945,0.18524436193647986
699.8918918918919,579.2901517512998,120.60174014059203
10151.518117451062,9966.108495696168,185.40962175489403
0.4424778761061899,15.039992333052826,14.597514456946636
0.9378703233451836,1.8839967651540819,0.9461264418088983
352.05929901351595,329.1727292075688,22.886569805947147
2.4015151515151514,2.264948939212088,0.13656621230306332
1071.619365609349,839.7847949442538,231.83457066509516
458.199979081686,434.76697100673954,23.433008074946486
6.383838383838384,4.758381154425051,1.6254572294133327
375.5130106512067,385.3287460082824,9.81573535707571
10710.861056751466,10897.722890530446,186.86183377897942
163.28985261731322,229.56503478141133,66.27518216409811
269.8946262679316,250.85166580093238,19.042960466999205
98.99195378584692,107.49298082259179,8.501027036744873
104.69986357435198,111.33379993296904,6.633936358617063
5791.229508196721,828.182726861369,4963.0467813353525
420.0,381.14438373029856,38.85561626970144
100.0,151.30397705391627,51.30397705391627
122.7945205479452,7676.554293737211,7553.759773189266
4070.491803278688,4048.32620519368,22.16559808500824
1006.639566395664,738.4251115449005,268.21445485076356
2.0,2.919416407207896,0.9194164072078959
31.4228385334594,683.1691392248808,651.7463006914214
407.6317590691307,316.077373121392,91.5543859477387
3.3178534571723426,2.700065535589713,0.6177879215826296
2.940378289473684,2.860219234211501,0.08015905526218292
0.8605510752688172,0.8826706336961051,0.022119558427287855
352.9761904761904,348.0039444816071,4.972245994583318
4070.5705705705695,4000.8910143754174,69.67955619515214
1.931958057898336,1.8445354000231733,0.08742265787516268
2.6666666666666665,2.6921182437754543,0.02545157710878776
122.29834254143648,111.91904883107927,10.379293710357217
1.3958868894601542,1.8797167117807483,0.4838298223205941
3.093107985021759,22.19111185540084,19.09800387037908
220.8363116511794,226.70738966426356,5.871078013084173
44.45252225519288,55.38228794212773,10.92976568693485
4070.500848896435,4127.523793920316,57.02294502388122
294.7368421052631,239.1946579852917,55.54218411997141
205.38819495469016,230.08434958153939,24.69615462684922
2.6031976744186047,2.9873417933856516,0.3841441189670469
455.2147239263804,595.1095635428784,139.89483961649802
200.0,229.07286987421065,29.072869874210653
293.10266847580283,288.4326612150076,4.6700072607952166
300.0,283.068625087663,16.93137491233699
2.321234119782214,1.9125268705328689,0.4087072492493451
2.092161126643885,2.370859667267872,0.2786985406239868
99.55797972856898,119.26372012628366,19.705740397714678
275.86206896551727,273.3920752701649,2.4699936953523434
2.950183214098761,2.7413281528260334,0.20885506127272757
4070.474281897128,3316.68879202838,753.7854898687483
90.6694003075346,105.57985045731267,14.910450149778072
1.993142857142857,1.969987816421267,0.023155040721590137
410.1823708206687,403.57831771949736,6.60405310117136
4.942919779149074,5.806587847989219,0.8636680688401448
3.875,4.191010916342855,0.3160109163428553
139.1946697566628,276.78063942302896,137.58596966636617
1.955418381344308,2.403280977453176,0.4478625961088678
221.62379421221863,223.0611668895394,1.4373726773207807
322.905788876277,205.81680910999722,117.08897976627975
881.101243339254,738.9656538025499,142.13558953670406
10271.215351812369,8643.75224350589,1627.4631083064778
2.61269342901996,2.2481668463901343,0.36452658262982585
9862.494802494804,9949.343110057029,86.84830756222436
2.5,2.8061619420532753,0.3061619420532753
269.44444444444446,237.9137716720882,31.53067277235627
56.77799016930639,75.59782935930282,18.81983918999643
350.0,310.2207334019936,39.779266598006416
0.390625,47.42618776911372,47.03556276911372
3071.15611814346,3268.409712840301,197.253594696841
921.8954248366013,808.3679556559292,113.52746918067203
1.573075854404001,1.7190368801852727,0.14596102578127157
4.19215004669503,4.09436648788816,0.09778355880686984
42.99600638977636,43.47209348859668,0.4760870988203152
3.0,2.974650513166217,0.025349486833782908
735.1960784313725,813.7773079277914,78.58122949641893
186.1788617886179,233.2186261861405,47.03976439752262
3878.977272727273,3843.788863399121,35.18840932815192
450.4067465248438,363.02834306218995,87.37840346265386
5463.067326306733,5427.583111494131,35.48421481260175
92.49972421400992,115.0547371870446,22.55501297303468
3.961038961038961,3.7374821553415827,0.22355680569737846
500.0962463907604,474.37500178495674,25.72124460580369
401.5057573073517,352.17941450943636,49.326342797915345
3.7510105092966857,2.799967347203701,0.9510431620929847
2.422936678265581,2.932057273698425,0.5091205954328442
2.7515625,2.2575561713241217,0.49400632867587824
437.6992393779372,405.1365743355527,32.56266504238448
206.42201834862385,181.98536571254232,24.436652636081533
10100.0,9760.238650427913,339.76134957208706
205.5555555555556,370.34186344444566,164.78630788889006
2.3826714801444044,1.9146769233557,0.4679945567887045
164.70588235294116,154.3550565660537,10.35082578688747
135.54101469890944,104.63472473534037,30.906289963569066
235.5491329479769,249.7772052454064,14.22807229742952
27.512013871686896,98.09565743312827,70.58364356144136
3.227272727272727,4.617476506754119,1.3902037794813915
447.9003925611642,427.3203447475962,20.580047813568
400.0,430.6874789745029,30.68747897450288
1.5807216776170785,1.63967641016779,0.0589547325507116
1.6681530157240083,58.38408171368356,56.71592869795955
2.736842105263158,2.757212763384523,0.02037065812136518
375.1137158852344,367.85830450295487,7.255411382279533
41.53548387096775,68.54966223314263,27.014178362174874
352.463768115942,270.4943542921948,81.96941382374717
1.0720158343483557,2.6596276346904615,1.5876118003421058
2.736842105263158,14.131462505665349,11.394620400402191
1.6084941498252543,2.3515412704599035,0.7430471206346492
2.3924057033067045,2.03575768489224,0.3566480184144645
341.969596827495,286.33974381398644,55.62985301350858
4.149299939928839,4.348709677648013,0.19940973771917392
391.7241379310344,360.13150024153214,31.592637689502283
921.8839747271684,841.1800847524371,80.70388997473128
1.9444241316270567,2.2120793745472027,0.267655242920146
828.5722935335432,739.340769121266,89.23152441227717
1.88540394744036,1.939317654054774,0.05391370661441397
105.39298273032742,102.82948436505959,2.563498365267833
110.84872445173802,105.8323470057296,5.01637744600842
314.7058823529412,306.3034895783591,8.402392774582097
341.108545034642,309.4926852051964,31.61585982944564
2.0115252346872388,2.8440729249357264,0.8325476902484876
246.06741573033707,228.73912920100565,17.32828652933142
3.6293103448275854,3.289262912188156,0.3400474326394294
265.42644368581017,315.8908228814185,50.46437919560833
4.381421534130894,3.5321194359406256,0.8493020981902681
10000.0,9609.24874428437,390.75125571562967
419.5938972402962,409.5214861709717,10.072411069324517
233.6734693877551,237.91803036947599,4.244560981720895
342.0340462680053,265.11454570660146,76.91950056140382
349.2972972972973,239.35934275487506,109.93795454242223
2.85595567867036,2.8883889623000787,0.032433283629718535
1.8550020813098376,1.941583333587061,0.08658125227722335
2.386617694027468,2.277838883776757,0.10877881025071101
194.1176470588236,219.8674083566788,25.7497612978552
47.740397350993376,49.693038458733234,1.9526411077398578
3831.861804222649,3802.733331021522,29.12847320112678
891.6666666666665,833.4211791930654,58.24548747360109
107.60217596972564,166.52543648030678,58.923260510581144
323.11621966794377,227.69041167839498,95.42580798954879
314.81481481481484,341.7263927582233,26.911577943408474
1.1827873114924596,1.6401115616478799,0.4573242501554202
8400.0,9846.520737065632,1446.5207370656317
903.8564754994534,700.7903363735852,203.06613912586818
3.039338617270757,2.5676849385604266,0.4716536787103305
446.7032967032967,429.04018962040476,17.66310708289194
1.6034124011652102,3.087769702420769,1.4843573012555586
