District,Year,AvgTemperature,MaxTemperature,MinTemperature,TotalRainfall,AvgRainfall,MaxRainfall,AvgHumidity,AvgWindSpeed,RainyDays,TemperatureStd,RainfallStd
Ariyalur,2005,28.16,32.94,21.78,1387.46,3.8,104.12,72.23,2.93,120,2.78,10.04
Ariyalur,2006,27.94,34.38,21.51,886.31,2.43,34.9,71.66,3.0,116,3.02,5.18
Ariyalur,2007,28.07,33.82,21.76,994.26,2.72,83.06,70.19,2.85,118,2.76,7.9
Ariyalur,2008,27.56,32.73,21.42,1262.43,3.45,86.87,73.45,2.76,121,2.66,10.03
Ariyalur,2009,28.45,34.19,22.47,959.42,2.63,47.98,68.63,2.98,103,2.99,6.68
Ariyalur,2010,27.98,33.53,21.89,1277.48,3.5,59.36,73.7,2.7,158,2.82,6.56
Ariyalur,2011,27.92,32.91,21.87,1019.06,2.79,50.16,71.35,2.97,130,2.87,6.24
Ariyalur,2012,28.23,33.19,21.47,858.52,2.35,64.19,70.06,2.89,108,2.74,6.16
Ariyalur,2013,28.56,34.34,22.07,773.79,2.12,52.79,68.09,3.13,112,2.64,4.9
Ariyalur,2014,28.38,32.62,22.67,896.37,2.46,43.87,69.06,3.04,124,2.63,5.44
Ariyalur,2015,28.12,32.53,22.41,1427.28,3.91,68.17,72.31,2.8,149,2.43,8.52
Ariyalur,2016,28.62,34.57,22.07,641.8,1.75,72.82,68.33,2.72,107,2.7,5.28
Ariyalur,2017,28.45,34.05,22.69,1103.11,3.02,53.49,70.1,2.78,154,2.82,6.51
Ariyalur,2018,28.1,32.72,21.95,849.33,2.33,45.3,71.18,2.93,129,2.78,5.49
Ariyalur,2019,28.78,34.62,22.08,1087.95,2.98,61.54,70.04,2.87,138,3.02,6.43
Ariyalur,2020,28.31,34.66,22.74,1208.57,3.3,84.28,72.07,2.77,142,2.63,8.53
Ariyalur,2021,27.59,32.48,21.64,1652.78,4.53,64.5,76.69,2.63,188,2.62,8.49
Ariyalur,2022,27.7,32.99,21.05,1173.2,3.21,72.83,75.44,2.61,169,2.39,6.1
Ariyalur,2023,28.4,33.06,22.35,1026.84,2.81,52.98,72.0,2.76,161,2.54,5.3
Ariyalur,2024,28.61,34.83,22.83,1256.84,3.43,100.63,72.88,2.84,149,2.45,8.29
Ariyalur,2025,28.05,33.18,21.99,1173.17,3.21,65.52,73.52,2.69,143,2.76,7.08
Chengalpattu,2005,27.98,32.26,23.06,1823.8,5.0,124.56,75.05,3.42,132,2.36,13.39
Chengalpattu,2006,27.82,33.55,22.69,1197.07,3.28,97.39,73.51,3.32,147,2.51,8.5
Chengalpattu,2007,27.67,33.43,22.85,1223.67,3.35,68.12,74.43,3.29,133,2.39,7.88
Chengalpattu,2008,27.63,32.77,22.38,1465.01,4.0,156.79,74.77,3.21,132,2.34,12.72
Chengalpattu,2009,28.17,33.89,23.23,1166.14,3.19,81.54,72.21,3.33,124,2.46,8.12
Chengalpattu,2010,27.9,32.86,21.83,1426.59,3.91,59.96,76.4,3.27,174,2.32,7.56
Chengalpattu,2011,27.79,32.66,22.93,1378.81,3.78,65.59,73.7,3.38,137,2.39,8.39
Chengalpattu,2012,27.96,33.68,21.88,1018.37,2.78,56.93,73.1,3.31,128,2.51,7.15
Chengalpattu,2013,27.9,33.3,23.39,1023.33,2.8,52.06,73.57,3.5,143,2.22,5.63
Chengalpattu,2014,27.99,32.08,23.44,1119.37,3.07,54.79,72.65,3.48,129,2.28,6.69
Chengalpattu,2015,27.97,32.49,22.88,1797.36,4.92,124.37,74.35,3.28,159,2.25,13.15
Chengalpattu,2016,28.12,32.75,23.13,805.8,2.2,79.65,72.37,3.24,104,2.22,6.86
Chengalpattu,2017,28.19,33.36,23.62,1302.88,3.57,56.58,73.35,3.28,152,2.43,7.02
Chengalpattu,2018,28.0,32.31,22.29,926.34,2.54,68.56,73.04,3.32,133,2.41,6.19
Chengalpattu,2019,28.34,33.12,22.58,1181.62,3.24,55.08,74.02,3.39,145,2.36,6.89
Chengalpattu,2020,28.03,32.86,23.5,1548.84,4.23,104.82,75.4,3.18,172,2.07,10.77
Chengalpattu,2021,27.66,31.79,22.88,1903.8,5.22,94.9,77.61,3.12,193,2.09,10.69
Chengalpattu,2022,27.7,31.57,22.77,1308.01,3.58,69.2,76.95,3.11,176,1.97,6.84
Chengalpattu,2023,28.03,33.23,22.8,1379.61,3.78,105.42,75.82,3.2,167,2.13,8.18
Chengalpattu,2024,28.42,33.38,22.92,1520.99,4.16,106.95,75.61,3.34,171,2.06,9.96
Chengalpattu,2025,27.94,31.6,23.26,1242.33,3.4,60.62,75.04,3.16,168,2.26,6.4
Chennai,2005,27.9,32.77,22.43,1894.66,5.19,168.33,73.91,3.17,134,2.53,15.2
Chennai,2006,27.82,34.61,22.57,1236.69,3.39,95.98,72.14,3.06,133,2.8,9.04
Chennai,2007,27.63,34.82,22.48,1255.81,3.44,86.6,73.32,3.06,135,2.66,8.62
Chennai,2008,27.66,34.3,22.11,1428.04,3.9,178.98,73.16,2.95,137,2.66,13.14
Chennai,2009,28.22,34.81,22.91,1165.21,3.19,72.42,70.58,3.12,117,2.75,8.18
Chennai,2010,27.83,33.56,21.38,1361.98,3.73,80.79,75.53,3.03,160,2.54,7.89
Chennai,2011,27.72,33.0,22.37,1371.22,3.76,58.97,72.46,3.1,130,2.65,8.21
Chennai,2012,27.97,35.26,21.4,1004.69,2.75,51.6,71.44,3.07,115,2.83,7.07
Chennai,2013,27.79,33.82,22.9,1023.06,2.8,54.34,72.75,3.22,141,2.46,6.27
Chennai,2014,27.98,33.02,22.98,1096.01,3.0,53.9,71.05,3.2,130,2.58,6.93
Chennai,2015,27.87,32.96,22.36,1961.46,5.37,132.57,73.24,3.01,151,2.46,15.35
Chennai,2016,28.11,33.46,22.66,811.36,2.22,104.15,70.68,3.04,98,2.49,7.61
Chennai,2017,28.13,34.65,23.09,1290.07,3.53,57.85,72.2,3.01,143,2.74,7.5
Chennai,2018,28.08,32.87,21.8,832.38,2.28,78.67,70.88,3.06,106,2.63,6.44
Chennai,2019,28.36,33.98,22.22,1207.03,3.31,70.8,72.52,3.13,140,2.66,7.38
Chennai,2020,27.9,33.12,23.1,1560.54,4.26,115.52,74.88,2.92,160,2.27,10.69
Chennai,2021,27.61,32.48,22.4,1841.35,5.04,84.05,76.3,2.9,179,2.34,11.26
Chennai,2022,27.65,32.25,22.52,1364.28,3.74,67.26,75.95,2.88,170,2.24,8.07
Chennai,2023,27.99,34.15,22.54,1525.88,4.18,187.88,74.78,2.94,153,2.44,11.98
Chennai,2024,28.36,34.6,22.36,1623.87,4.44,128.29,74.67,3.09,156,2.34,11.04
Chennai,2025,27.77,32.04,22.57,1316.44,3.61,97.64,74.41,2.93,167,2.49,7.87
Coimbatore,2005,24.37,29.96,18.47,1293.2,3.54,43.98,77.54,2.1,184,2.25,6.04
Coimbatore,2006,23.96,30.32,18.73,1321.24,3.62,38.91,78.42,2.26,185,2.57,5.81
Coimbatore,2007,24.15,30.7,19.0,1422.88,3.9,34.78,76.47,2.08,178,2.58,6.13
Coimbatore,2008,23.79,28.18,18.8,1179.34,3.22,39.37,77.69,2.06,170,1.76,5.71
Coimbatore,2009,24.48,30.25,19.7,1112.06,3.05,38.5,74.94,2.24,169,2.21,5.58
Coimbatore,2010,24.61,30.66,18.29,1326.02,3.63,35.53,76.74,2.06,210,2.49,5.17
Coimbatore,2011,23.92,29.66,19.25,1177.25,3.23,29.75,77.29,2.2,174,2.15,5.11
Coimbatore,2012,24.83,29.84,19.81,752.46,2.06,28.45,72.4,2.24,149,2.02,3.63
Coimbatore,2013,24.72,30.85,20.04,1070.05,2.93,25.35,73.79,2.32,188,2.3,4.28
Coimbatore,2014,24.66,30.27,20.14,1177.5,3.23,44.66,74.41,2.16,176,2.18,5.31
Coimbatore,2015,24.84,29.66,20.17,955.98,2.62,29.78,74.33,2.01,188,1.74,3.95
Coimbatore,2016,25.49,31.19,19.97,698.69,1.91,21.94,70.21,2.14,133,2.46,3.24
Coimbatore,2017,24.65,30.34,19.69,1217.72,3.34,38.1,75.39,2.01,191,1.99,5.22
Coimbatore,2018,24.44,30.09,20.64,1325.92,3.63,39.95,75.94,2.03,190,1.82,5.78
Coimbatore,2019,25.22,31.58,19.84,1360.16,3.73,50.65,74.19,2.1,188,2.68,6.09
Coimbatore,2020,24.88,31.09,19.88,1259.41,3.44,57.95,76.16,2.06,197,2.46,5.81
Coimbatore,2021,24.05,30.13,18.82,1603.91,4.39,35.2,80.92,1.98,242,2.0,5.51
Coimbatore,2022,24.14,29.0,19.97,1519.59,4.16,37.5,79.91,1.86,210,1.84,5.84
Coimbatore,2023,24.86,30.17,20.16,1145.2,3.14,31.16,74.48,2.01,188,2.0,5.0
Coimbatore,2024,25.18,32.21,20.39,1388.26,3.79,32.08,76.93,1.92,190,2.63,5.77
Coimbatore,2025,24.49,29.07,19.28,1198.35,3.28,29.11,78.14,2.18,195,1.98,4.82
Cuddalore,2005,28.25,31.28,24.35,1409.7,3.86,67.72,76.42,4.11,167,1.93,8.31
Cuddalore,2006,27.99,31.87,23.64,967.42,2.65,56.2,75.66,4.04,171,1.97,5.26
Cuddalore,2007,27.96,31.75,23.63,1060.31,2.9,76.72,75.55,3.95,163,1.86,7.21
Cuddalore,2008,27.9,31.14,23.57,1232.65,3.37,91.84,76.29,3.98,166,1.81,9.09
Cuddalore,2009,28.34,32.0,24.33,1036.81,2.84,60.39,74.04,3.97,131,1.94,6.53
Cuddalore,2010,28.2,32.01,23.09,1368.07,3.75,57.51,77.18,3.87,205,1.91,6.58
Cuddalore,2011,28.12,31.61,24.28,1093.9,3.0,46.55,75.06,4.13,173,1.88,6.15
Cuddalore,2012,28.22,31.6,23.6,855.58,2.34,68.86,74.84,4.05,144,1.85,6.13
Cuddalore,2013,28.33,32.16,24.54,899.6,2.46,40.89,74.34,4.16,154,1.8,4.36
Cuddalore,2014,28.26,31.31,24.69,976.42,2.68,42.04,74.52,4.15,166,1.89,5.18
Cuddalore,2015,28.23,31.02,24.29,1511.58,4.14,125.11,76.12,3.95,175,1.74,9.96
Cuddalore,2016,28.36,31.88,24.43,790.76,2.16,135.18,74.5,3.79,125,1.75,8.07
Cuddalore,2017,28.39,32.37,24.7,1239.04,3.39,48.87,75.21,3.95,191,1.92,6.34
Cuddalore,2018,28.13,31.34,23.73,944.38,2.59,33.8,75.74,4.05,160,1.94,4.87
Cuddalore,2019,28.55,32.3,23.89,1058.71,2.9,56.49,75.58,4.09,167,1.94,5.69
Cuddalore,2020,28.39,32.73,24.85,1326.26,3.62,82.81,76.08,3.95,191,1.67,8.0
Cuddalore,2021,28.03,31.12,24.34,1737.25,4.76,104.35,78.62,3.82,203,1.68,9.26
Cuddalore,2022,27.97,31.41,23.51,1189.47,3.26,60.45,78.19,3.76,205,1.57,5.52
Cuddalore,2023,28.39,31.6,23.94,1110.37,3.04,54.88,76.52,3.93,193,1.71,5.68
Cuddalore,2024,28.71,32.43,24.36,1222.47,3.34,65.73,76.69,3.98,173,1.62,7.14
Cuddalore,2025,28.32,31.36,24.7,1167.16,3.2,63.34,76.18,3.8,178,1.86,6.39
Dharmapuri,2005,25.52,32.43,18.24,1329.19,3.64,59.58,71.57,2.08,144,2.94,7.41
Dharmapuri,2006,25.39,34.11,18.23,782.72,2.14,24.82,70.04,2.26,141,3.28,3.9
Dharmapuri,2007,25.51,32.16,17.6,968.69,2.65,57.32,69.05,2.11,132,3.1,5.72
Dharmapuri,2008,24.91,31.76,17.73,1161.7,3.17,75.34,72.39,2.02,140,2.84,7.68
Dharmapuri,2009,25.8,33.47,18.67,738.91,2.02,26.26,67.39,2.26,119,2.98,4.4
Dharmapuri,2010,25.82,33.52,18.26,1132.13,3.1,38.28,70.95,2.05,165,3.08,5.78
Dharmapuri,2011,25.31,31.68,18.29,863.83,2.37,31.09,69.65,2.26,126,3.07,4.79
Dharmapuri,2012,26.06,33.07,19.36,769.41,2.1,55.2,66.18,2.21,106,2.91,5.38
Dharmapuri,2013,26.01,33.43,20.1,780.32,2.14,32.75,66.7,2.41,124,2.93,4.45
Dharmapuri,2014,26.14,33.07,20.58,700.84,1.92,26.63,65.48,2.38,112,2.77,4.15
Dharmapuri,2015,25.92,31.83,19.9,882.6,2.42,43.9,68.43,2.18,139,2.33,4.9
Dharmapuri,2016,26.82,35.56,20.1,502.66,1.37,21.84,61.91,2.19,84,2.91,3.44
Dharmapuri,2017,26.03,33.55,19.34,925.82,2.54,27.57,67.7,2.08,146,2.87,4.69
Dharmapuri,2018,26.19,32.48,20.25,659.12,1.81,27.45,65.61,2.21,124,2.4,3.58
Dharmapuri,2019,26.5,32.8,20.56,937.74,2.57,30.31,67.42,2.14,138,2.95,4.92
Dharmapuri,2020,26.1,34.04,19.84,898.95,2.46,41.44,69.54,2.12,142,2.95,4.64
Dharmapuri,2021,25.33,33.3,19.12,1318.78,3.61,154.37,73.73,2.02,171,2.58,10.02
Dharmapuri,2022,25.22,31.14,19.52,1293.88,3.54,115.83,74.44,1.95,150,2.44,8.34
Dharmapuri,2023,26.33,33.27,19.43,765.56,2.1,38.81,67.53,2.1,137,2.62,4.19
Dharmapuri,2024,26.5,34.66,19.84,1088.22,2.97,48.83,69.65,2.2,141,2.66,6.11
Dharmapuri,2025,25.86,31.28,19.91,772.78,2.12,57.03,69.65,2.13,133,2.56,5.04
Dindigul,2005,26.98,33.35,20.51,1198.54,3.28,78.87,70.88,2.35,130,2.75,8.51
Dindigul,2006,26.51,34.07,19.98,877.0,2.4,45.57,71.78,2.41,126,3.01,5.41
Dindigul,2007,27.21,33.29,20.59,776.42,2.13,67.59,66.86,2.36,113,2.82,6.19
Dindigul,2008,26.46,31.6,19.24,1047.47,2.86,89.13,71.11,2.22,102,2.58,9.33
Dindigul,2009,27.47,33.88,20.94,611.61,1.68,34.43,65.42,2.58,98,3.03,4.29
Dindigul,2010,27.41,33.97,20.37,985.58,2.7,36.14,68.38,2.33,135,2.9,5.17
Dindigul,2011,26.75,32.4,20.26,817.34,2.24,40.54,69.55,2.46,109,2.92,5.26
Dindigul,2012,27.47,33.2,20.8,629.79,1.72,34.73,66.1,2.46,90,2.53,4.36
Dindigul,2013,27.84,34.3,21.62,607.37,1.66,31.73,63.97,2.74,82,2.67,4.37
Dindigul,2014,27.49,33.5,20.79,723.03,1.98,41.74,66.02,2.59,103,2.59,4.87
Dindigul,2015,27.19,31.72,21.86,936.48,2.57,38.25,69.67,2.33,138,2.23,4.96
Dindigul,2016,28.12,35.15,21.22,456.51,1.25,28.27,63.19,2.55,82,2.67,3.36
Dindigul,2017,27.42,35.13,21.45,861.36,2.36,50.86,67.74,2.31,141,2.64,4.94
Dindigul,2018,27.22,32.87,21.92,730.51,2.0,41.74,68.12,2.46,132,2.19,4.18
Dindigul,2019,28.06,34.26,21.52,828.3,2.27,39.51,66.12,2.39,128,3.05,4.56
Dindigul,2020,27.43,34.14,21.28,1022.93,2.79,111.92,69.54,2.34,139,2.65,7.54
Dindigul,2021,26.5,32.28,20.7,1227.1,3.36,32.02,74.9,2.17,171,2.51,5.39
Dindigul,2022,26.54,31.7,20.97,1134.41,3.11,41.11,73.93,2.18,153,2.18,5.44
Dindigul,2023,27.39,33.63,21.67,954.78,2.62,27.97,69.68,2.22,151,2.5,4.59
Dindigul,2024,27.68,35.47,22.3,1009.8,2.76,44.61,70.63,2.33,144,2.62,5.6
Dindigul,2025,27.16,31.52,20.54,826.88,2.27,35.04,70.71,2.38,135,2.53,4.65
Erode,2005,26.12,32.82,19.08,1022.76,2.8,47.36,68.96,1.61,137,2.8,5.99
Erode,2006,25.85,33.44,19.06,665.26,1.82,24.87,68.64,1.73,138,3.01,3.37
Erode,2007,26.13,32.16,19.68,768.57,2.11,50.83,66.16,1.64,126,2.86,4.67
Erode,2008,25.57,31.1,18.9,865.44,2.36,39.21,69.34,1.61,123,2.54,5.26
Erode,2009,26.47,33.16,19.99,558.55,1.53,24.17,64.36,1.75,109,2.66,3.37
Erode,2010,26.48,33.64,19.07,907.91,2.49,34.74,67.55,1.56,153,2.85,4.72
Erode,2011,25.91,32.26,19.67,739.38,2.03,35.6,67.11,1.71,115,2.76,4.27
Erode,2012,26.78,33.19,20.68,561.03,1.53,48.12,62.72,1.69,95,2.65,4.24
Erode,2013,26.79,33.61,21.06,603.19,1.65,20.47,62.9,1.78,113,2.66,3.4
Erode,2014,26.74,33.52,21.3,604.21,1.66,22.49,62.98,1.74,100,2.52,3.66
Erode,2015,26.41,32.02,21.21,883.55,2.42,41.81,66.7,1.56,129,2.18,4.93
Erode,2016,27.48,34.94,20.76,425.6,1.16,17.16,59.19,1.66,77,2.76,2.81
Erode,2017,26.52,33.42,20.67,838.12,2.3,34.52,65.85,1.55,137,2.6,4.47
Erode,2018,26.56,33.63,21.31,693.17,1.9,32.8,64.8,1.61,128,2.19,4.02
Erode,2019,27.06,33.27,21.21,878.46,2.41,24.52,65.11,1.61,139,2.97,4.56
Erode,2020,26.64,33.49,20.86,859.27,2.35,34.58,67.52,1.57,134,2.83,4.6
Erode,2021,25.68,33.32,19.84,1240.12,3.4,82.37,73.18,1.49,179,2.42,7.2
Erode,2022,25.8,31.04,19.81,1041.49,2.85,38.26,72.02,1.44,148,2.25,5.17
Erode,2023,26.8,33.3,21.14,780.3,2.14,32.96,65.46,1.56,138,2.4,4.14
Erode,2024,26.92,35.24,21.05,1087.18,2.97,49.4,68.3,1.53,141,2.76,6.16
Erode,2025,26.31,31.09,20.28,741.03,2.03,43.44,68.51,1.59,127,2.37,4.57
Kallakurichi,2005,26.66,32.5,19.69,1261.06,3.45,84.37,71.63,2.43,127,2.94,8.06
Kallakurichi,2006,26.49,34.84,19.7,783.67,2.15,31.54,70.42,2.56,133,3.25,4.34
Kallakurichi,2007,26.55,33.21,19.33,897.43,2.46,66.66,69.76,2.44,123,2.96,6.19
Kallakurichi,2008,26.03,32.76,19.07,1146.2,3.13,79.24,72.74,2.31,131,2.82,8.49
Kallakurichi,2009,27.03,34.09,20.47,707.9,1.94,29.4,67.28,2.6,112,3.07,4.26
Kallakurichi,2010,26.72,33.54,19.52,1116.81,3.06,37.29,72.07,2.37,161,2.95,5.72
Kallakurichi,2011,26.37,31.92,19.47,898.47,2.46,33.34,70.63,2.57,119,3.02,5.18
Kallakurichi,2012,26.89,32.44,20.04,772.01,2.11,48.75,68.31,2.51,99,2.8,5.36
Kallakurichi,2013,27.16,34.41,20.74,714.26,1.96,36.09,66.98,2.73,114,2.88,4.41
Kallakurichi,2014,27.05,32.8,21.39,709.96,1.95,25.32,67.16,2.64,115,2.7,4.27
Kallakurichi,2015,26.72,32.31,20.91,1148.85,3.15,58.56,70.93,2.42,137,2.52,6.42
Kallakurichi,2016,27.45,35.27,19.94,510.77,1.4,35.67,65.55,2.37,89,3.02,3.44
Kallakurichi,2017,27.06,34.78,20.2,898.22,2.46,32.11,68.8,2.4,140,3.03,4.52
Kallakurichi,2018,26.84,32.51,20.81,718.11,1.97,25.66,69.04,2.5,124,2.66,4.22
Kallakurichi,2019,27.39,33.89,20.48,934.51,2.56,31.46,68.88,2.46,130,3.2,5.07
Kallakurichi,2020,26.91,34.94,20.57,997.11,2.72,61.87,71.33,2.41,132,3.03,6.07
Kallakurichi,2021,26.1,33.3,19.67,1420.74,3.89,50.49,75.84,2.26,177,2.72,6.84
Kallakurichi,2022,26.21,32.04,20.39,1074.73,2.94,55.53,74.96,2.18,154,2.49,5.53
Kallakurichi,2023,27.12,33.24,20.88,831.02,2.28,34.51,69.88,2.37,146,2.72,4.26
Kallakurichi,2024,27.27,34.96,21.27,1180.35,3.22,73.79,71.67,2.47,138,2.65,7.21
Kallakurichi,2025,26.63,31.68,19.99,877.05,2.4,47.09,72.0,2.33,126,2.81,5.38
Kanchipuram,2005,27.9,32.77,22.43,1894.66,5.19,168.33,73.91,3.17,134,2.53,15.2
Kanchipuram,2006,27.82,34.61,22.57,1236.69,3.39,95.98,72.14,3.06,133,2.8,9.04
Kanchipuram,2007,27.63,34.82,22.48,1255.81,3.44,86.6,73.32,3.06,135,2.66,8.62
Kanchipuram,2008,27.66,34.3,22.11,1428.04,3.9,178.98,73.16,2.95,137,2.66,13.14
Kanchipuram,2009,28.22,34.81,22.91,1165.21,3.19,72.42,70.58,3.12,117,2.75,8.18
Kanchipuram,2010,27.83,33.56,21.38,1361.98,3.73,80.79,75.53,3.03,160,2.54,7.89
Kanchipuram,2011,27.72,33.0,22.37,1371.22,3.76,58.97,72.46,3.1,130,2.65,8.21
Kanchipuram,2012,27.97,35.26,21.4,1004.69,2.75,51.6,71.44,3.07,115,2.83,7.07
Kanchipuram,2013,27.79,33.82,22.9,1023.06,2.8,54.34,72.75,3.22,141,2.46,6.27
Kanchipuram,2014,27.98,33.02,22.98,1096.01,3.0,53.9,71.05,3.2,130,2.58,6.93
Kanchipuram,2015,27.87,32.96,22.36,1961.46,5.37,132.57,73.24,3.01,151,2.46,15.35
Kanchipuram,2016,28.11,33.46,22.66,811.36,2.22,104.15,70.68,3.04,98,2.49,7.61
Kanchipuram,2017,28.13,34.65,23.09,1290.07,3.53,57.85,72.2,3.01,143,2.74,7.5
Kanchipuram,2018,28.08,32.87,21.8,832.38,2.28,78.67,70.88,3.06,106,2.63,6.44
Kanchipuram,2019,28.36,33.98,22.22,1207.03,3.31,70.8,72.52,3.13,140,2.66,7.38
Kanchipuram,2020,27.9,33.12,23.1,1560.54,4.26,115.52,74.88,2.92,160,2.27,10.69
Kanchipuram,2021,27.61,32.48,22.4,1841.35,5.04,84.05,76.3,2.9,179,2.34,11.26
Kanchipuram,2022,27.65,32.25,22.52,1364.28,3.74,67.26,75.95,2.88,170,2.24,8.07
Kanchipuram,2023,27.99,34.15,22.54,1525.88,4.18,187.88,74.78,2.94,153,2.44,11.98
Kanchipuram,2024,28.36,34.6,22.36,1623.87,4.44,128.29,74.67,3.09,156,2.34,11.04
Kanchipuram,2025,27.77,32.04,22.57,1316.44,3.61,97.64,74.41,2.93,167,2.49,7.87
Kanniyakumari,2005,27.36,29.97,25.38,1907.81,5.23,96.15,82.05,4.41,153,1.09,11.21
Kanniyakumari,2006,27.1,29.63,24.84,2087.56,5.72,94.48,82.59,4.56,142,1.04,13.11
Kanniyakumari,2007,27.25,29.94,25.12,1270.2,3.48,60.09,80.82,4.52,154,1.08,7.0
Kanniyakumari,2008,27.33,28.77,25.6,1334.69,3.65,60.4,80.17,4.41,140,0.68,7.96
Kanniyakumari,2009,27.51,29.86,25.45,1023.18,2.8,59.52,79.78,4.5,129,1.02,6.76
Kanniyakumari,2010,27.52,30.42,24.93,1182.8,3.24,55.58,80.25,4.53,158,1.24,7.16
Kanniyakumari,2011,27.57,29.55,25.4,879.69,2.41,79.43,78.45,4.61,116,0.87,6.82
Kanniyakumari,2012,27.74,29.84,25.43,764.68,2.09,32.67,78.2,4.72,130,0.79,4.2
Kanniyakumari,2013,27.52,30.36,25.38,1025.51,2.81,47.23,79.49,4.63,156,1.06,5.67
Kanniyakumari,2014,27.56,30.0,24.31,1244.2,3.41,83.7,80.15,4.52,158,1.02,7.87
Kanniyakumari,2015,27.67,29.97,25.85,1434.88,3.93,72.17,80.3,4.13,213,0.88,7.78
Kanniyakumari,2016,27.77,30.82,25.36,672.19,1.84,47.63,78.9,4.36,121,1.29,4.45
Kanniyakumari,2017,27.61,29.83,25.97,1136.91,3.11,199.47,79.93,4.41,197,0.93,11.09
Kanniyakumari,2018,27.45,30.19,25.18,1001.93,2.75,40.88,80.3,4.13,177,1.11,4.89
Kanniyakumari,2019,28.01,30.73,26.08,1364.5,3.74,117.31,79.27,4.24,187,1.08,9.79
Kanniyakumari,2020,27.87,30.87,25.75,1251.07,3.42,98.72,80.21,4.35,187,1.12,8.63
Kanniyakumari,2021,27.41,30.1,25.05,1917.41,5.25,126.37,82.48,4.45,227,0.91,11.28
Kanniyakumari,2022,27.43,29.56,25.65,1136.84,3.11,51.01,80.74,4.2,200,0.9,5.63
Kanniyakumari,2023,27.95,30.39,26.03,1326.93,3.64,104.2,79.41,4.22,189,0.94,8.59
Kanniyakumari,2024,28.22,31.18,25.88,1179.41,3.22,83.46,80.7,4.33,186,1.15,7.07
Kanniyakumari,2025,27.7,30.44,25.1,1455.15,3.99,111.45,81.94,4.42,225,1.08,8.7
Karur,2005,27.25,33.69,20.65,1102.93,3.02,81.82,69.44,2.46,112,2.89,7.89
Karur,2006,26.79,34.64,20.0,738.28,2.02,39.11,70.11,2.57,109,3.14,4.67
Karur,2007,27.32,33.56,20.48,766.9,2.1,70.78,66.42,2.51,113,2.92,6.14
Karur,2008,26.55,32.21,19.06,1033.28,2.82,80.32,70.74,2.36,107,2.68,8.84
Karur,2009,27.52,33.85,20.81,596.86,1.64,33.88,65.6,2.7,95,2.99,4.0
Karur,2010,27.5,34.42,20.25,975.99,2.67,33.3,68.54,2.43,142,2.96,5.03
Karur,2011,26.77,32.95,19.94,831.31,2.28,39.43,69.52,2.59,118,2.98,5.14
Karur,2012,27.5,33.71,20.9,671.1,1.83,39.32,66.08,2.57,93,2.65,4.65
Karur,2013,27.9,34.55,21.91,609.14,1.67,36.05,63.99,2.82,96,2.76,4.12
Karur,2014,27.73,34.09,21.82,653.01,1.79,33.26,64.74,2.67,107,2.58,4.21
Karur,2015,27.48,32.87,22.2,863.87,2.37,26.97,68.01,2.43,134,2.27,4.43
Karur,2016,28.5,35.65,21.59,381.71,1.04,19.06,61.03,2.65,74,2.71,2.5
Karur,2017,27.66,35.23,21.47,773.79,2.12,37.93,66.55,2.44,139,2.66,4.31
Karur,2018,27.5,33.6,22.3,677.47,1.86,31.99,66.74,2.57,131,2.21,3.88
Karur,2019,28.21,34.71,21.99,769.41,2.11,30.19,65.55,2.52,129,3.0,4.03
Karur,2020,27.69,34.26,21.42,864.52,2.36,55.68,68.22,2.48,135,2.78,5.3
Karur,2021,26.71,33.38,20.66,1142.1,3.13,26.65,73.81,2.3,173,2.51,4.92
Karur,2022,26.87,32.2,21.27,976.15,2.67,43.79,72.27,2.28,156,2.24,4.9
Karur,2023,27.8,34.22,22.24,778.33,2.13,24.73,67.07,2.41,139,2.49,3.86
Karur,2024,27.93,35.9,22.18,992.05,2.71,42.27,69.38,2.42,137,2.7,5.45
Karur,2025,27.42,31.64,21.28,715.77,1.96,35.2,69.16,2.46,127,2.48,4.15
Krishnagiri,2005,24.41,31.43,17.11,1386.84,3.8,55.38,73.22,2.49,155,2.89,7.35
Krishnagiri,2006,24.38,33.42,17.27,771.9,2.11,25.66,70.98,2.72,139,3.17,3.79
Krishnagiri,2007,24.4,30.84,16.5,1049.81,2.88,42.49,70.81,2.52,126,3.01,5.91
Krishnagiri,2008,23.92,30.74,16.81,1180.77,3.23,65.55,73.27,2.46,143,2.82,7.29
Krishnagiri,2009,24.7,32.87,17.79,822.42,2.25,48.65,68.99,2.7,122,2.91,5.52
Krishnagiri,2010,24.83,32.73,17.34,1092.72,2.99,44.08,71.99,2.53,161,3.03,5.32
Krishnagiri,2011,24.46,30.95,18.01,803.55,2.2,30.78,69.38,2.78,124,2.93,4.54
Krishnagiri,2012,25.22,31.81,18.64,719.42,1.97,46.91,65.79,2.72,112,2.84,4.79
Krishnagiri,2013,24.86,32.56,19.24,837.33,2.29,45.68,68.52,2.93,135,2.86,4.74
Krishnagiri,2014,25.14,32.28,19.42,681.19,1.87,28.73,66.09,2.85,108,2.74,3.95
Krishnagiri,2015,24.94,30.79,19.05,845.16,2.32,38.23,68.82,2.65,143,2.29,4.53
Krishnagiri,2016,25.63,34.92,18.92,592.16,1.62,31.61,63.49,2.62,84,2.93,4.25
Krishnagiri,2017,24.92,32.15,18.24,1064.58,2.92,36.32,68.99,2.46,143,2.96,5.68
Krishnagiri,2018,25.11,31.29,18.92,669.36,1.83,23.26,66.37,2.61,123,2.39,3.46
Krishnagiri,2019,25.5,32.07,19.6,956.53,2.62,33.08,68.1,2.56,140,2.9,5.12
Krishnagiri,2020,24.97,32.96,18.63,1023.64,2.8,44.15,71.32,2.51,138,2.85,5.6
Krishnagiri,2021,24.39,32.21,18.05,1325.58,3.63,144.91,74.23,2.46,164,2.55,9.66
Krishnagiri,2022,24.2,30.56,18.36,1655.32,4.54,266.32,75.54,2.36,150,2.51,15.66
Krishnagiri,2023,25.23,32.12,17.79,792.42,2.17,35.24,68.71,2.53,124,2.61,4.46
Krishnagiri,2024,25.59,33.84,18.63,1061.86,2.9,52.88,70.01,2.7,134,2.6,5.91
Krishnagiri,2025,24.84,30.87,19.33,846.62,2.32,70.17,70.45,2.61,124,2.53,5.75
Madurai,2005,26.78,33.34,20.71,1506.26,4.13,76.93,73.42,2.02,155,2.48,9.55
Madurai,2006,26.4,33.83,20.43,1226.18,3.36,46.8,73.79,2.12,141,2.84,6.64
Madurai,2007,27.2,33.32,20.83,831.01,2.28,59.14,68.15,2.11,135,2.72,5.78
Madurai,2008,26.62,31.11,19.91,1076.01,2.94,78.92,71.36,2.01,122,2.45,8.85
Madurai,2009,27.75,34.44,21.45,648.26,1.78,36.76,64.75,2.27,107,3.03,4.45
Madurai,2010,27.56,33.66,20.55,1040.77,2.85,41.99,68.36,2.04,123,2.82,5.91
Madurai,2011,27.13,32.31,20.52,793.26,2.17,32.44,68.52,2.2,101,2.88,5.02
Madurai,2012,27.82,32.76,21.21,613.11,1.68,28.36,65.22,2.19,83,2.48,4.3
Madurai,2013,28.07,33.95,21.63,638.54,1.75,43.69,63.65,2.4,80,2.59,4.95
Madurai,2014,27.54,33.03,20.54,841.23,2.3,41.63,66.99,2.32,101,2.59,5.67
Madurai,2015,27.13,31.1,21.75,1064.33,2.92,47.98,71.35,2.1,149,2.15,5.99
Madurai,2016,28.14,35.19,21.14,557.59,1.52,38.49,64.28,2.14,90,2.64,4.23
Madurai,2017,27.48,34.95,21.93,983.31,2.69,58.3,68.68,2.03,151,2.64,5.69
Madurai,2018,27.33,32.06,22.14,795.88,2.18,48.82,68.6,2.16,135,2.13,4.5
Madurai,2019,28.14,34.62,21.65,950.01,2.6,45.08,66.88,2.14,141,3.04,5.33
Madurai,2020,27.47,34.07,21.43,1152.61,3.15,105.44,70.49,2.06,148,2.51,7.97
Madurai,2021,26.59,32.43,20.7,1401.22,3.84,50.88,75.57,1.93,187,2.48,6.46
Madurai,2022,26.63,31.74,21.28,1298.12,3.56,33.72,74.63,1.88,162,2.1,6.15
Madurai,2023,27.39,33.12,21.54,1140.55,3.12,48.31,71.29,1.95,161,2.51,5.86
Madurai,2024,27.74,35.04,22.47,1058.0,2.89,48.14,71.49,2.07,152,2.54,5.87
Madurai,2025,27.28,31.23,20.4,947.96,2.6,47.31,71.29,2.08,154,2.54,5.29
Mayiladuthurai,2005,28.16,32.94,21.78,1387.46,3.8,104.12,72.23,2.93,120,2.78,10.04
Mayiladuthurai,2006,27.94,34.38,21.51,886.31,2.43,34.9,71.66,3.0,116,3.02,5.18
Mayiladuthurai,2007,28.07,33.82,21.76,994.26,2.72,83.06,70.19,2.85,118,2.76,7.9
Mayiladuthurai,2008,27.56,32.73,21.42,1262.43,3.45,86.87,73.45,2.76,121,2.66,10.03
Mayiladuthurai,2009,28.45,34.19,22.47,959.42,2.63,47.98,68.63,2.98,103,2.99,6.68
Mayiladuthurai,2010,27.98,33.53,21.89,1277.48,3.5,59.36,73.7,2.7,158,2.82,6.56
Mayiladuthurai,2011,27.92,32.91,21.87,1019.06,2.79,50.16,71.35,2.97,130,2.87,6.24
Mayiladuthurai,2012,28.23,33.19,21.47,858.52,2.35,64.19,70.06,2.89,108,2.74,6.16
Mayiladuthurai,2013,28.56,34.34,22.07,773.79,2.12,52.79,68.09,3.13,112,2.64,4.9
Mayiladuthurai,2014,28.38,32.62,22.67,896.37,2.46,43.87,69.06,3.04,124,2.63,5.44
Mayiladuthurai,2015,28.12,32.53,22.41,1427.28,3.91,68.17,72.31,2.8,149,2.43,8.52
Mayiladuthurai,2016,28.62,34.57,22.07,641.8,1.75,72.82,68.33,2.72,107,2.7,5.28
Mayiladuthurai,2017,28.45,34.05,22.69,1103.11,3.02,53.49,70.1,2.78,154,2.82,6.51
Mayiladuthurai,2018,28.1,32.72,21.95,849.33,2.33,45.3,71.18,2.93,129,2.78,5.49
Mayiladuthurai,2019,28.78,34.62,22.08,1087.95,2.98,61.54,70.04,2.87,138,3.02,6.43
Mayiladuthurai,2020,28.31,34.66,22.74,1208.57,3.3,84.28,72.07,2.77,142,2.63,8.53
Mayiladuthurai,2021,27.59,32.48,21.64,1652.78,4.53,64.5,76.69,2.63,188,2.62,8.49
Mayiladuthurai,2022,27.7,32.99,21.05,1173.2,3.21,72.83,75.44,2.61,169,2.39,6.1
Mayiladuthurai,2023,28.4,33.06,22.35,1026.84,2.81,52.98,72.0,2.76,161,2.54,5.3
Mayiladuthurai,2024,28.61,34.83,22.83,1256.84,3.43,100.63,72.88,2.84,149,2.45,8.29
Mayiladuthurai,2025,28.05,33.18,21.99,1173.17,3.21,65.52,73.52,2.69,143,2.76,7.08
Nagapattinam,2005,28.3,31.22,24.55,1325.11,3.63,59.72,76.22,4.26,170,1.82,7.32
Nagapattinam,2006,28.06,31.48,23.48,896.97,2.46,38.37,75.6,4.25,169,1.9,4.38
Nagapattinam,2007,28.06,31.64,23.73,1003.42,2.75,74.08,75.05,4.1,166,1.77,6.84
Nagapattinam,2008,27.96,30.85,23.67,1170.28,3.2,90.58,76.22,4.15,169,1.71,8.29
Nagapattinam,2009,28.37,31.59,24.4,1025.95,2.81,48.83,73.95,4.17,129,1.85,6.26
Nagapattinam,2010,28.25,31.96,23.14,1318.69,3.61,49.92,76.79,3.99,203,1.89,6.27
Nagapattinam,2011,28.23,31.08,24.27,1015.68,2.78,41.22,74.63,4.25,184,1.82,5.29
Nagapattinam,2012,28.33,31.35,24.05,844.98,2.31,68.89,74.49,4.23,147,1.76,5.82
Nagapattinam,2013,28.45,31.86,24.64,870.5,2.38,35.87,73.75,4.34,156,1.73,4.08
Nagapattinam,2014,28.35,31.41,24.96,984.25,2.7,38.69,74.35,4.32,170,1.85,5.06
Nagapattinam,2015,28.26,30.82,24.43,1553.95,4.26,91.9,76.39,4.08,185,1.64,9.17
Nagapattinam,2016,28.51,32.04,24.54,837.4,2.29,134.66,74.06,3.89,139,1.72,8.34
Nagapattinam,2017,28.43,32.05,24.78,1277.13,3.5,69.83,75.19,4.06,195,1.86,7.13
Nagapattinam,2018,28.19,31.12,23.98,963.27,2.64,30.86,75.64,4.16,175,1.88,4.74
Nagapattinam,2019,28.62,32.16,24.15,1137.28,3.12,81.45,75.35,4.2,177,1.88,6.42
Nagapattinam,2020,28.46,32.32,24.86,1294.89,3.54,56.02,75.88,4.08,195,1.62,7.07
Nagapattinam,2021,28.12,30.99,24.41,1684.15,4.61,71.0,78.31,3.93,214,1.66,8.47
Nagapattinam,2022,28.04,31.19,22.97,1250.09,3.42,74.71,77.93,3.9,209,1.54,6.02
Nagapattinam,2023,28.45,31.67,24.07,1131.02,3.1,48.61,76.53,4.07,195,1.69,5.6
Nagapattinam,2024,28.74,32.44,24.63,1269.33,3.47,66.6,76.79,4.07,179,1.57,7.04
Nagapattinam,2025,28.39,31.41,24.75,1326.29,3.63,74.25,76.29,3.9,197,1.83,7.56
Namakkal,2005,27.25,33.69,20.65,1102.93,3.02,81.82,69.44,2.46,112,2.89,7.89
Namakkal,2006,26.79,34.64,20.0,738.28,2.02,39.11,70.11,2.57,109,3.14,4.67
Namakkal,2007,27.32,33.56,20.48,766.9,2.1,70.78,66.42,2.51,113,2.92,6.14
Namakkal,2008,26.55,32.21,19.06,1033.28,2.82,80.32,70.74,2.36,107,2.68,8.84
Namakkal,2009,27.52,33.85,20.81,596.86,1.64,33.88,65.6,2.7,95,2.99,4.0
Namakkal,2010,27.5,34.42,20.25,975.99,2.67,33.3,68.54,2.43,142,2.96,5.03
Namakkal,2011,26.77,32.95,19.94,831.31,2.28,39.43,69.52,2.59,118,2.98,5.14
Namakkal,2012,27.5,33.71,20.9,671.1,1.83,39.32,66.08,2.57,93,2.65,4.65
Namakkal,2013,27.9,34.55,21.91,609.14,1.67,36.05,63.99,2.82,96,2.76,4.12
Namakkal,2014,27.73,34.09,21.82,653.01,1.79,33.26,64.74,2.67,107,2.58,4.21
Namakkal,2015,27.48,32.87,22.2,863.87,2.37,26.97,68.01,2.43,134,2.27,4.43
Namakkal,2016,28.5,35.65,21.59,381.71,1.04,19.06,61.03,2.65,74,2.71,2.5
Namakkal,2017,27.66,35.23,21.47,773.79,2.12,37.93,66.55,2.44,139,2.66,4.31
Namakkal,2018,27.5,33.6,22.3,677.47,1.86,31.99,66.74,2.57,131,2.21,3.88
Namakkal,2019,28.21,34.71,21.99,769.41,2.11,30.19,65.55,2.52,129,3.0,4.03
Namakkal,2020,27.69,34.26,21.42,864.52,2.36,55.68,68.22,2.48,135,2.78,5.3
Namakkal,2021,26.71,33.38,20.66,1142.1,3.13,26.65,73.81,2.3,173,2.51,4.92
Namakkal,2022,26.87,32.2,21.27,976.15,2.67,43.79,72.27,2.28,156,2.24,4.9
Namakkal,2023,27.8,34.22,22.24,778.33,2.13,24.73,67.07,2.41,139,2.49,3.86
Namakkal,2024,27.93,35.9,22.18,992.05,2.71,42.27,69.38,2.42,137,2.7,5.45
Namakkal,2025,27.42,31.64,21.28,715.77,1.96,35.2,69.16,2.46,127,2.48,4.15
Nilgiris,2005,23.31,30.4,17.33,1121.5,3.07,37.24,75.29,1.92,179,2.4,5.21
Nilgiris,2006,22.89,29.81,17.33,1081.91,2.96,31.11,76.15,2.08,187,2.65,4.6
Nilgiris,2007,23.03,29.38,17.78,1216.13,3.33,28.22,74.54,1.88,173,2.59,5.25
Nilgiris,2008,22.72,27.71,17.69,1058.7,2.89,42.74,75.68,1.88,163,1.91,5.39
Nilgiris,2009,23.42,29.59,18.4,923.33,2.53,34.2,72.4,2.06,157,2.28,4.66
Nilgiris,2010,23.51,29.98,17.47,1129.16,3.09,29.17,74.89,1.89,203,2.5,4.43
Nilgiris,2011,22.99,28.8,18.43,954.36,2.61,33.31,73.93,2.04,160,2.26,4.42
Nilgiris,2012,23.85,29.54,18.85,630.18,1.72,32.17,69.45,2.07,148,2.17,3.36
Nilgiris,2013,23.6,29.82,18.75,923.1,2.53,23.1,71.71,2.14,180,2.4,3.62
Nilgiris,2014,23.5,29.59,19.5,1022.34,2.8,47.49,72.37,2.02,159,2.18,4.77
Nilgiris,2015,23.73,28.42,19.04,813.77,2.23,26.0,71.96,1.91,152,1.76,3.79
Nilgiris,2016,24.47,30.51,18.81,544.7,1.49,16.31,66.75,2.03,118,2.51,2.77
Nilgiris,2017,23.51,29.02,18.58,1015.03,2.78,40.02,73.27,1.84,174,2.1,4.74
Nilgiris,2018,23.55,29.18,19.29,948.51,2.6,28.91,72.19,1.93,174,1.88,4.05
Nilgiris,2019,24.08,30.58,18.74,1098.8,3.01,48.82,71.97,1.96,189,2.68,5.12
Nilgiris,2020,23.77,29.8,18.75,957.78,2.62,23.16,74.02,1.92,176,2.41,4.04
Nilgiris,2021,22.99,29.21,17.53,1392.52,3.82,73.27,78.7,1.83,222,2.02,6.11
Nilgiris,2022,23.03,28.39,17.76,1291.63,3.54,38.53,78.26,1.72,197,1.99,5.39
Nilgiris,2023,23.86,29.41,18.85,886.71,2.43,28.7,71.73,1.88,168,2.03,4.04
Nilgiris,2024,24.11,31.37,19.09,1165.16,3.18,46.72,74.51,1.86,171,2.54,5.49
Nilgiris,2025,23.49,27.73,18.41,896.75,2.46,32.78,74.79,2.04,176,2.01,3.94
Perambalur,2005,27.5,32.95,20.57,1173.76,3.22,91.02,70.63,2.63,109,2.91,8.49
Perambalur,2006,27.17,35.01,20.4,767.54,2.1,39.92,70.56,2.72,112,3.18,4.87
Perambalur,2007,27.48,33.76,20.75,817.27,2.24,69.68,68.09,2.61,111,2.88,6.55
Perambalur,2008,26.83,32.72,19.99,1090.22,2.98,82.53,71.91,2.47,112,2.75,9.14
Perambalur,2009,27.86,34.45,21.45,669.54,1.83,37.0,66.34,2.81,94,3.09,4.48
Perambalur,2010,27.56,34.08,20.69,1047.65,2.87,37.27,70.74,2.52,145,2.93,5.35
Perambalur,2011,27.12,32.26,20.56,875.6,2.4,42.45,70.24,2.73,119,2.98,5.47
Perambalur,2012,27.63,33.04,20.81,721.77,1.97,43.74,68.02,2.66,97,2.69,4.93
Perambalur,2013,28.07,34.92,21.5,647.71,1.77,39.94,65.62,2.97,96,2.77,4.35
Perambalur,2014,27.86,33.39,22.0,698.98,1.92,33.85,66.64,2.81,111,2.62,4.41
Perambalur,2015,27.47,32.81,21.97,1124.57,3.08,38.79,70.74,2.53,135,2.43,6.09
Perambalur,2016,28.28,35.4,20.71,476.55,1.3,43.22,64.85,2.6,84,2.93,3.49
Perambalur,2017,27.86,34.96,21.48,830.86,2.28,32.8,68.08,2.58,136,2.91,4.44
Perambalur,2018,27.55,32.91,21.88,704.21,1.93,28.82,68.89,2.7,116,2.56,4.27
Perambalur,2019,28.27,35.07,21.34,864.41,2.37,33.1,67.66,2.62,124,3.21,4.92
Perambalur,2020,27.69,35.26,21.48,968.77,2.65,53.75,70.52,2.54,126,2.88,5.79
Perambalur,2021,26.82,33.0,20.4,1351.6,3.7,35.07,75.53,2.39,177,2.7,6.1
Perambalur,2022,26.97,32.6,21.11,1035.28,2.84,55.14,74.26,2.36,157,2.45,5.49
Perambalur,2023,27.85,33.61,21.82,841.44,2.31,26.92,69.59,2.5,148,2.64,4.21
Perambalur,2024,28.03,35.2,22.38,1098.77,3.0,77.46,71.19,2.59,133,2.63,6.66
Perambalur,2025,27.41,32.04,20.61,880.45,2.41,44.34,71.65,2.51,124,2.81,5.49
Pudukkottai,2005,27.86,32.93,21.3,1216.74,3.33,85.27,71.07,2.62,114,2.79,9.02
Pudukkottai,2006,27.49,34.57,20.81,830.35,2.27,45.07,71.43,2.69,106,3.04,5.44
Pudukkottai,2007,28.01,33.86,21.02,804.98,2.21,65.38,67.59,2.58,107,2.75,6.61
Pudukkottai,2008,27.31,32.21,20.75,1069.12,2.92,83.07,71.67,2.44,102,2.62,9.34
Pudukkottai,2009,28.4,34.56,22.16,672.46,1.84,36.41,65.69,2.75,92,3.08,4.73
Pudukkottai,2010,28.09,33.81,21.48,1051.27,2.88,40.28,69.93,2.47,139,2.89,5.38
Pudukkottai,2011,27.68,32.42,21.19,855.95,2.35,40.91,69.66,2.64,118,2.94,5.4
Pudukkottai,2012,28.2,33.12,21.51,671.2,1.83,34.07,67.29,2.59,92,2.59,4.41
Pudukkottai,2013,28.63,34.68,21.96,636.56,1.74,32.82,64.77,2.94,89,2.63,4.32
Pudukkottai,2014,28.28,33.16,21.98,760.5,2.08,39.57,66.89,2.79,111,2.59,4.84
Pudukkottai,2015,27.86,32.51,22.55,1139.34,3.12,39.73,71.24,2.53,138,2.31,5.98
Pudukkottai,2016,28.75,35.2,21.31,478.13,1.31,50.13,64.79,2.6,83,2.83,3.82
Pudukkottai,2017,28.34,34.58,22.55,803.02,2.2,37.49,67.84,2.56,138,2.77,4.48
Pudukkottai,2018,28.07,32.85,22.67,689.58,1.89,32.73,68.36,2.7,119,2.44,4.08
Pudukkottai,2019,28.83,35.08,22.08,869.1,2.38,34.86,66.93,2.61,117,3.14,5.22
Pudukkottai,2020,28.14,35.01,22.08,1009.7,2.76,57.33,70.38,2.51,136,2.66,5.94
Pudukkottai,2021,27.29,32.6,21.01,1348.0,3.69,38.07,75.35,2.35,168,2.66,6.28
Pudukkottai,2022,27.36,32.2,21.39,1142.53,3.13,45.66,74.48,2.37,157,2.36,6.05
Pudukkottai,2023,28.15,33.5,21.97,974.26,2.67,30.82,70.73,2.45,151,2.61,4.91
Pudukkottai,2024,28.41,34.83,23.04,1070.12,2.92,70.33,71.5,2.55,140,2.55,6.43
Pudukkottai,2025,27.91,32.45,20.99,956.11,2.62,59.26,71.49,2.52,127,2.8,6.11
Ramanathapuram,2005,27.63,31.79,22.97,1553.46,4.26,73.46,77.55,3.63,153,1.81,9.56
Ramanathapuram,2006,27.45,31.87,22.6,1270.84,3.48,42.38,77.12,3.78,139,2.02,6.71
Ramanathapuram,2007,27.97,32.15,22.55,805.2,2.21,44.41,72.64,3.83,118,2.0,5.15
Ramanathapuram,2008,27.78,30.74,23.35,976.0,2.67,50.25,73.98,3.77,125,1.73,6.63
Ramanathapuram,2009,28.52,32.73,24.08,733.41,2.01,38.78,69.6,3.84,101,2.15,5.19
Ramanathapuram,2010,28.39,32.65,23.04,1117.86,3.06,47.27,72.26,3.6,117,2.21,6.82
Ramanathapuram,2011,28.22,31.8,22.94,831.55,2.28,31.84,71.35,3.78,110,2.25,5.03
Ramanathapuram,2012,28.66,32.19,23.72,646.08,1.77,40.27,69.46,3.9,88,1.97,4.46
Ramanathapuram,2013,28.76,33.1,23.64,688.35,1.89,44.08,68.65,3.93,87,1.92,5.13
Ramanathapuram,2014,28.38,31.78,22.12,981.5,2.69,45.52,71.47,3.78,115,2.11,6.28
Ramanathapuram,2015,28.13,31.42,23.7,1184.92,3.25,49.25,74.7,3.64,147,1.75,6.19
Ramanathapuram,2016,29.08,33.68,23.48,460.29,1.26,49.31,67.63,3.55,87,2.14,3.85
Ramanathapuram,2017,28.63,32.74,24.08,766.7,2.1,42.08,70.87,3.7,130,2.06,4.51
Ramanathapuram,2018,28.46,31.87,24.79,706.1,1.93,39.68,70.99,3.65,118,1.77,4.08
Ramanathapuram,2019,28.99,33.34,24.07,966.17,2.65,59.47,70.4,3.82,122,2.23,6.96
Ramanathapuram,2020,28.62,32.47,23.84,1000.97,2.73,51.44,72.14,3.66,132,1.96,6.04
Ramanathapuram,2021,28.02,31.44,23.26,1395.05,3.82,79.03,75.89,3.54,163,2.08,7.64
Ramanathapuram,2022,28.05,31.71,23.21,1206.36,3.31,69.81,74.7,3.42,162,1.8,7.04
Ramanathapuram,2023,28.54,32.12,23.14,1186.84,3.25,74.66,73.38,3.64,140,2.16,7.31
Ramanathapuram,2024,28.78,33.4,23.95,1018.95,2.78,55.28,74.03,3.54,134,2.02,6.13
Ramanathapuram,2025,28.51,32.25,22.95,1084.73,2.97,74.64,73.36,3.55,130,2.29,7.74
Ranipet,2005,26.78,32.91,19.65,1547.81,4.24,105.19,72.83,2.33,152,3.15,10.09
Ranipet,2006,26.71,35.74,19.61,974.31,2.67,52.08,70.79,2.33,138,3.57,6.1
Ranipet,2007,26.59,34.82,19.21,1128.21,3.09,47.01,71.85,2.25,135,3.33,6.48
Ranipet,2008,26.46,35.18,19.75,1249.05,3.41,130.99,72.28,2.16,138,3.31,9.61
Ranipet,2009,27.16,36.01,20.25,974.01,2.67,50.19,69.01,2.38,119,3.42,6.1
Ranipet,2010,26.99,34.97,18.88,1170.19,3.21,63.74,73.0,2.27,149,3.31,6.43
Ranipet,2011,26.68,33.29,19.81,1046.42,2.87,49.53,70.48,2.35,115,3.41,6.22
Ranipet,2012,27.25,34.62,19.34,888.45,2.43,55.84,67.96,2.34,108,3.47,5.88
Ranipet,2013,26.96,34.97,20.83,901.35,2.47,46.7,69.87,2.5,127,3.08,5.44
Ranipet,2014,27.26,33.32,20.68,861.47,2.36,33.8,67.42,2.47,106,3.12,5.2
Ranipet,2015,26.89,32.97,20.3,1667.01,4.57,100.55,71.3,2.27,142,3.01,11.72
Ranipet,2016,27.19,35.72,20.01,718.09,1.96,72.19,68.05,2.26,96,3.28,5.72
Ranipet,2017,27.25,35.34,20.13,1134.69,3.11,43.74,69.54,2.22,142,3.53,6.05
Ranipet,2018,27.25,33.44,19.9,718.94,1.97,45.52,67.69,2.34,99,3.15,5.03
Ranipet,2019,27.74,34.79,20.33,1012.14,2.77,47.03,68.98,2.31,134,3.49,6.24
Ranipet,2020,26.91,34.03,20.27,1352.07,3.69,127.06,73.38,2.18,145,3.0,9.29
Ranipet,2021,26.43,33.47,19.81,1551.91,4.25,80.66,75.6,2.13,166,3.04,8.66
Ranipet,2022,26.5,33.43,20.19,1217.93,3.34,57.56,75.16,2.13,155,2.97,6.67
Ranipet,2023,27.08,33.91,19.91,1215.0,3.33,90.14,72.48,2.15,143,3.13,7.41
Ranipet,2024,27.47,35.72,20.79,1364.47,3.73,106.9,72.41,2.38,141,3.02,9.49
Ranipet,2025,26.62,32.73,19.58,1153.89,3.16,40.1,73.49,2.22,147,3.21,6.03
Salem,2005,26.71,33.37,19.66,1198.19,3.28,77.09,69.56,2.12,123,2.97,7.63
Salem,2006,26.4,34.61,19.32,753.53,2.06,30.96,69.25,2.27,128,3.3,4.21
Salem,2007,26.71,33.33,19.23,844.41,2.31,68.0,67.0,2.19,118,3.07,5.9
Salem,2008,26.02,32.42,18.5,1083.29,2.96,77.5,70.88,2.07,129,2.84,8.2
Salem,2009,27.0,33.95,19.9,640.66,1.76,27.39,65.57,2.32,106,3.04,3.89
Salem,2010,26.94,34.25,19.33,1060.84,2.91,37.2,69.2,2.06,151,3.05,5.58
Salem,2011,26.28,32.63,19.0,860.24,2.36,30.36,69.2,2.26,120,3.09,4.93
Salem,2012,27.03,33.72,20.32,738.63,2.02,48.28,65.74,2.21,98,2.83,5.19
Salem,2013,27.29,34.21,21.31,679.71,1.86,32.41,64.38,2.41,112,2.89,4.24
Salem,2014,27.25,33.56,21.6,667.21,1.83,24.24,64.27,2.37,112,2.68,4.08
Salem,2015,26.99,32.76,21.26,870.48,2.38,40.24,67.51,2.16,130,2.33,4.71
Salem,2016,28.07,35.88,21.2,409.52,1.12,15.64,60.13,2.23,79,2.82,2.64
Salem,2017,27.17,34.74,20.7,811.63,2.22,33.54,66.32,2.13,137,2.77,4.22
Salem,2018,27.16,33.31,21.73,665.6,1.82,33.06,65.48,2.23,128,2.31,3.81
Salem,2019,27.62,34.19,21.6,837.25,2.29,24.07,65.98,2.2,135,2.99,4.25
Salem,2020,27.22,34.44,20.97,825.42,2.26,33.33,68.0,2.17,137,2.91,4.34
Salem,2021,26.28,33.81,20.08,1210.39,3.32,86.18,73.23,2.02,175,2.56,6.8
Salem,2022,26.39,31.68,20.98,1031.11,2.82,38.58,72.35,1.96,150,2.34,5.2
Salem,2023,27.44,34.04,21.36,732.9,2.01,31.36,66.11,2.15,139,2.57,3.85
Salem,2024,27.49,35.53,21.3,1043.88,2.85,43.09,68.94,2.15,135,2.7,5.8
Salem,2025,26.99,31.47,20.86,708.17,1.94,44.31,68.34,2.13,126,2.53,4.35
Sivagangai,2005,27.71,32.51,21.86,1399.1,3.83,80.71,73.81,2.77,137,2.42,9.69
Sivagangai,2006,27.46,33.56,21.36,1023.74,2.8,44.66,73.67,2.89,125,2.69,6.03
Sivagangai,2007,28.02,33.46,21.34,820.75,2.25,58.24,69.35,2.83,114,2.5,6.17
Sivagangai,2008,27.51,31.85,21.62,1046.19,2.86,74.04,72.35,2.72,114,2.32,8.54
Sivagangai,2009,28.57,34.0,22.82,696.13,1.91,38.26,66.29,2.88,95,2.84,4.89
Sivagangai,2010,28.25,33.08,21.97,1114.2,3.05,39.58,70.41,2.63,132,2.7,6.13
Sivagangai,2011,27.98,32.65,21.73,850.7,2.33,33.77,69.68,2.78,117,2.78,5.08
Sivagangai,2012,28.52,32.55,22.34,648.36,1.77,31.32,67.25,2.79,91,2.45,4.19
Sivagangai,2013,28.79,33.73,22.46,664.25,1.82,33.5,65.39,3.0,89,2.45,4.64
Sivagangai,2014,28.31,32.4,21.67,883.89,2.42,42.85,68.54,2.91,110,2.52,5.56
Sivagangai,2015,27.9,31.97,22.77,1188.5,3.26,48.26,72.84,2.75,141,2.12,6.23
Sivagangai,2016,28.96,34.69,22.09,485.33,1.33,55.99,65.33,2.69,79,2.63,4.16
Sivagangai,2017,28.48,34.15,23.15,801.72,2.2,40.4,68.76,2.75,133,2.55,4.62
Sivagangai,2018,28.3,32.16,23.51,714.39,1.96,35.59,68.88,2.82,116,2.24,4.06
Sivagangai,2019,28.96,34.44,22.77,950.73,2.6,46.9,67.76,2.86,123,2.86,6.27
Sivagangai,2020,28.33,33.9,22.63,1051.35,2.87,58.92,70.99,2.71,135,2.39,6.23
Sivagangai,2021,27.6,32.57,21.78,1375.4,3.77,48.84,75.31,2.57,172,2.52,6.69
Sivagangai,2022,27.6,31.61,21.6,1275.23,3.49,77.85,74.66,2.54,160,2.17,7.54
Sivagangai,2023,28.23,32.8,21.98,1138.11,3.12,42.59,72.29,2.68,148,2.54,6.21
Sivagangai,2024,28.51,34.05,23.02,1088.69,2.97,61.12,72.68,2.68,139,2.39,6.5
Sivagangai,2025,28.19,32.75,21.58,1064.83,2.92,80.46,71.82,2.67,136,2.7,7.36
Tenkasi,2005,25.39,31.94,20.61,2060.36,5.64,89.73,82.4,2.21,166,1.91,11.58
Tenkasi,2006,25.03,31.31,20.07,2188.87,6.0,85.56,82.75,2.27,155,2.29,12.75
Tenkasi,2007,25.37,31.98,20.37,1400.72,3.84,69.83,79.74,2.28,159,2.31,7.64
Tenkasi,2008,25.03,27.47,19.9,1423.97,3.89,59.47,81.42,2.22,150,1.37,8.13
Tenkasi,2009,25.89,31.84,21.21,1097.18,3.01,56.67,76.63,2.49,145,2.14,6.75
Tenkasi,2010,25.96,31.64,20.61,1233.73,3.38,33.69,77.92,2.4,173,2.21,6.27
Tenkasi,2011,25.92,31.18,20.44,904.25,2.48,37.99,75.84,2.53,147,2.12,5.32
Tenkasi,2012,26.22,31.18,21.27,799.11,2.18,43.89,74.88,2.56,127,1.77,4.63
Tenkasi,2013,26.02,32.26,21.18,1044.74,2.86,58.06,76.44,2.6,161,1.92,5.68
Tenkasi,2014,25.98,32.03,20.67,1273.07,3.49,75.21,77.47,2.43,169,2.01,7.54
Tenkasi,2015,25.84,30.45,20.63,1386.57,3.8,52.86,79.72,2.15,180,1.77,6.91
Tenkasi,2016,26.6,32.09,20.45,674.81,1.84,25.06,74.05,2.51,123,2.33,3.7
Tenkasi,2017,26.39,31.98,20.84,1118.16,3.06,69.26,75.38,2.42,178,2.03,6.5
Tenkasi,2018,26.12,31.1,21.49,949.11,2.6,36.02,76.25,2.37,169,1.73,4.48
Tenkasi,2019,26.98,32.73,22.27,1144.92,3.14,59.71,73.65,2.41,161,2.53,6.64
Tenkasi,2020,26.33,31.61,21.6,1074.56,2.94,55.02,77.39,2.34,185,2.2,5.66
Tenkasi,2021,25.34,31.04,20.18,2006.39,5.5,212.91,83.22,2.27,210,1.84,13.95
Tenkasi,2022,25.88,30.77,22.26,1100.07,3.01,37.16,78.8,2.26,191,1.66,4.9
Tenkasi,2023,26.55,31.88,22.54,1325.39,3.63,196.28,75.89,2.32,169,1.92,11.65
Tenkasi,2024,26.68,33.27,21.61,1087.43,2.97,45.51,78.07,2.28,171,2.42,5.47
Tenkasi,2025,26.06,29.5,20.21,1101.29,3.02,35.53,79.52,2.44,185,1.81,4.79
Thanjavur,2005,28.16,32.94,21.78,1387.46,3.8,104.12,72.23,2.93,120,2.78,10.04
Thanjavur,2006,27.94,34.38,21.51,886.31,2.43,34.9,71.66,3.0,116,3.02,5.18
Thanjavur,2007,28.07,33.82,21.76,994.26,2.72,83.06,70.19,2.85,118,2.76,7.9
Thanjavur,2008,27.56,32.73,21.42,1262.43,3.45,86.87,73.45,2.76,121,2.66,10.03
Thanjavur,2009,28.45,34.19,22.47,959.42,2.63,47.98,68.63,2.98,103,2.99,6.68
Thanjavur,2010,27.98,33.53,21.89,1277.48,3.5,59.36,73.7,2.7,158,2.82,6.56
Thanjavur,2011,27.92,32.91,21.87,1019.06,2.79,50.16,71.35,2.97,130,2.87,6.24
Thanjavur,2012,28.23,33.19,21.47,858.52,2.35,64.19,70.06,2.89,108,2.74,6.16
Thanjavur,2013,28.56,34.34,22.07,773.79,2.12,52.79,68.09,3.13,112,2.64,4.9
Thanjavur,2014,28.38,32.62,22.67,896.37,2.46,43.87,69.06,3.04,124,2.63,5.44
Thanjavur,2015,28.12,32.53,22.41,1427.28,3.91,68.17,72.31,2.8,149,2.43,8.52
Thanjavur,2016,28.62,34.57,22.07,641.8,1.75,72.82,68.33,2.72,107,2.7,5.28
Thanjavur,2017,28.45,34.05,22.69,1103.11,3.02,53.49,70.1,2.78,154,2.82,6.51
Thanjavur,2018,28.1,32.72,21.95,849.33,2.33,45.3,71.18,2.93,129,2.78,5.49
Thanjavur,2019,28.78,34.62,22.08,1087.95,2.98,61.54,70.04,2.87,138,3.02,6.43
Thanjavur,2020,28.31,34.66,22.74,1208.57,3.3,84.28,72.07,2.77,142,2.63,8.53
Thanjavur,2021,27.59,32.48,21.64,1652.78,4.53,64.5,76.69,2.63,188,2.62,8.49
Thanjavur,2022,27.7,32.99,21.05,1173.2,3.21,72.83,75.44,2.61,169,2.39,6.1
Thanjavur,2023,28.4,33.06,22.35,1026.84,2.81,52.98,72.0,2.76,161,2.54,5.3
Thanjavur,2024,28.61,34.83,22.83,1256.84,3.43,100.63,72.88,2.84,149,2.45,8.29
Thanjavur,2025,28.05,33.18,21.99,1173.17,3.21,65.52,73.52,2.69,143,2.76,7.08
Theni,2005,23.33,28.89,18.03,1658.43,4.54,71.73,78.71,1.55,173,2.13,8.6
Theni,2006,22.93,28.98,17.28,1586.15,4.35,55.9,78.74,1.67,154,2.51,7.75
Theni,2007,23.4,29.22,18.05,1072.11,2.94,46.17,74.92,1.58,173,2.48,4.92
Theni,2008,23.18,27.4,18.0,1101.26,3.01,41.64,75.98,1.52,168,1.81,5.87
Theni,2009,23.91,30.54,18.84,846.94,2.32,32.03,71.5,1.75,156,2.32,4.36
Theni,2010,24.02,29.96,18.14,1144.68,3.14,40.28,73.24,1.6,177,2.46,5.27
Theni,2011,23.51,28.44,18.2,902.2,2.47,22.14,74.05,1.69,151,2.27,4.33
Theni,2012,24.23,29.68,19.01,673.19,1.84,29.02,70.2,1.69,124,2.0,3.86
Theni,2013,24.22,30.37,19.11,839.05,2.3,42.19,70.58,1.82,152,2.34,4.45
Theni,2014,23.99,29.69,18.37,969.4,2.66,38.75,72.27,1.72,158,2.23,5.2
Theni,2015,23.78,28.01,18.92,1116.3,3.06,44.34,75.34,1.54,179,1.85,5.64
Theni,2016,24.57,30.6,18.48,674.2,1.84,41.35,69.57,1.68,111,2.38,4.25
Theni,2017,23.97,30.95,18.29,1151.89,3.16,60.65,73.33,1.54,180,2.32,5.84
Theni,2018,23.85,29.1,19.27,969.23,2.66,57.85,73.22,1.66,161,1.9,5.18
Theni,2019,24.64,30.15,19.04,1115.12,3.06,42.64,71.29,1.61,162,2.68,5.61
Theni,2020,23.98,29.7,18.95,1310.57,3.58,141.71,75.36,1.56,170,2.31,9.69
Theni,2021,23.15,28.93,18.26,1652.15,4.53,37.98,80.24,1.52,207,2.01,6.58
Theni,2022,23.25,27.71,18.66,1462.4,4.01,38.08,79.24,1.44,198,1.79,6.43
Theni,2023,23.89,29.1,18.75,1261.59,3.46,52.55,75.6,1.48,188,2.07,5.89
Theni,2024,24.34,31.83,19.74,1197.59,3.27,48.11,75.68,1.54,165,2.48,6.05
Theni,2025,23.81,27.7,17.96,1058.0,2.9,37.68,76.17,1.73,186,2.11,4.71
Thoothukudi,2005,27.17,32.31,22.71,1791.43,4.91,71.52,79.38,3.08,171,1.71,9.97
Thoothukudi,2006,27.0,32.14,22.42,1783.81,4.89,69.34,79.0,3.21,155,2.07,10.04
Thoothukudi,2007,27.56,31.94,22.73,861.56,2.36,44.7,74.26,3.35,154,1.88,4.55
Thoothukudi,2008,27.41,30.38,23.26,1000.7,2.73,41.01,75.22,3.29,144,1.47,5.55
Thoothukudi,2009,28.14,32.75,24.01,762.09,2.09,45.94,71.04,3.51,118,2.01,5.42
Thoothukudi,2010,28.2,32.91,22.57,883.91,2.42,45.08,72.05,3.4,108,2.15,5.43
Thoothukudi,2011,28.14,32.11,22.8,640.46,1.75,35.22,70.71,3.57,97,2.18,4.43
Thoothukudi,2012,28.42,32.3,23.65,599.25,1.64,40.0,69.87,3.61,81,1.84,4.36
Thoothukudi,2013,28.35,33.06,23.51,651.97,1.79,43.83,70.09,3.65,86,1.78,4.89
Thoothukudi,2014,28.07,32.34,22.15,940.35,2.58,57.86,72.54,3.47,108,2.0,6.57
Thoothukudi,2015,27.83,31.39,23.26,1244.31,3.41,50.52,75.64,3.16,148,1.66,7.02
Thoothukudi,2016,28.69,33.78,22.87,490.62,1.34,22.41,69.29,3.4,82,2.15,3.15
Thoothukudi,2017,28.45,33.33,23.88,850.02,2.33,81.97,71.05,3.37,143,2.05,6.07
Thoothukudi,2018,28.2,31.84,24.09,698.95,1.91,32.33,71.69,3.29,125,1.67,4.19
Thoothukudi,2019,28.77,33.34,24.12,1030.98,2.82,102.44,70.96,3.37,131,2.21,8.1
Thoothukudi,2020,28.42,32.37,23.61,898.23,2.45,94.15,72.56,3.31,140,1.88,6.77
Thoothukudi,2021,27.65,32.29,22.9,1661.27,4.55,151.61,77.18,3.21,183,1.96,14.2
Thoothukudi,2022,28.0,31.6,24.01,939.49,2.57,41.49,73.82,3.13,153,1.65,4.86
Thoothukudi,2023,28.52,32.79,23.99,1164.66,3.19,202.34,72.38,3.27,149,2.01,12.31
Thoothukudi,2024,28.61,34.51,24.01,971.76,2.66,71.82,74.28,3.23,145,1.97,6.84
Thoothukudi,2025,28.19,31.7,22.54,893.71,2.45,48.18,74.46,3.32,153,2.08,5.55
Tiruchirappalli,2005,27.5,32.95,20.57,1173.76,3.22,91.02,70.63,2.63,109,2.91,8.49
Tiruchirappalli,2006,27.17,35.01,20.4,767.54,2.1,39.92,70.56,2.72,112,3.18,4.87
Tiruchirappalli,2007,27.48,33.76,20.75,817.27,2.24,69.68,68.09,2.61,111,2.88,6.55
Tiruchirappalli,2008,26.83,32.72,19.99,1090.22,2.98,82.53,71.91,2.47,112,2.75,9.14
Tiruchirappalli,2009,27.86,34.45,21.45,669.54,1.83,37.0,66.34,2.81,94,3.09,4.48
Tiruchirappalli,2010,27.56,34.08,20.69,1047.65,2.87,37.27,70.74,2.52,145,2.93,5.35
Tiruchirappalli,2011,27.12,32.26,20.56,875.6,2.4,42.45,70.24,2.73,119,2.98,5.47
Tiruchirappalli,2012,27.63,33.04,20.81,721.77,1.97,43.74,68.02,2.66,97,2.69,4.93
Tiruchirappalli,2013,28.07,34.92,21.5,647.71,1.77,39.94,65.62,2.97,96,2.77,4.35
Tiruchirappalli,2014,27.86,33.39,22.0,698.98,1.92,33.85,66.64,2.81,111,2.62,4.41
Tiruchirappalli,2015,27.47,32.81,21.97,1124.57,3.08,38.79,70.74,2.53,135,2.43,6.09
Tiruchirappalli,2016,28.28,35.4,20.71,476.55,1.3,43.22,64.85,2.6,84,2.93,3.49
Tiruchirappalli,2017,27.86,34.96,21.48,830.86,2.28,32.8,68.08,2.58,136,2.91,4.44
Tiruchirappalli,2018,27.55,32.91,21.88,704.21,1.93,28.82,68.89,2.7,116,2.56,4.27
Tiruchirappalli,2019,28.27,35.07,21.34,864.41,2.37,33.1,67.66,2.62,124,3.21,4.92
Tiruchirappalli,2020,27.69,35.26,21.48,968.77,2.65,53.75,70.52,2.54,126,2.88,5.79
Tiruchirappalli,2021,26.82,33.0,20.4,1351.6,3.7,35.07,75.53,2.39,177,2.7,6.1
Tiruchirappalli,2022,26.97,32.6,21.11,1035.28,2.84,55.14,74.26,2.36,157,2.45,5.49
Tiruchirappalli,2023,27.85,33.61,21.82,841.44,2.31,26.92,69.59,2.5,148,2.64,4.21
Tiruchirappalli,2024,28.03,35.2,22.38,1098.77,3.0,77.46,71.19,2.59,133,2.63,6.66
Tiruchirappalli,2025,27.41,32.04,20.61,880.45,2.41,44.34,71.65,2.51,124,2.81,5.49
Tirunelveli,2005,25.45,31.0,21.14,1935.57,5.3,101.36,82.91,2.72,149,1.72,11.45
Tirunelveli,2006,25.12,30.55,20.21,2103.82,5.76,94.43,83.38,2.8,137,2.03,13.06
Tirunelveli,2007,25.38,31.2,20.76,1316.02,3.61,69.28,80.87,2.8,150,2.0,7.71
Tirunelveli,2008,25.2,27.75,20.79,1371.25,3.75,65.58,81.84,2.71,137,1.2,8.38
Tirunelveli,2009,25.92,30.91,21.87,1054.27,2.89,65.78,77.87,2.98,125,1.89,7.13
Tirunelveli,2010,25.87,30.82,20.97,1182.93,3.24,41.56,79.29,2.92,155,1.95,6.9
Tirunelveli,2011,25.95,30.46,20.78,871.34,2.39,50.4,76.72,3.06,117,1.9,6.15
Tirunelveli,2012,26.12,30.36,21.35,779.32,2.13,45.01,76.52,3.07,115,1.66,4.62
Tirunelveli,2013,25.86,30.88,21.55,1028.49,2.82,54.61,78.45,3.08,151,1.64,5.93
Tirunelveli,2014,25.86,31.22,20.34,1265.69,3.47,81.9,79.39,2.93,155,1.77,8.12
Tirunelveli,2015,25.78,29.91,21.08,1442.02,3.95,47.97,81.1,2.59,180,1.58,7.48
Tirunelveli,2016,26.53,31.56,20.77,581.36,1.59,23.55,75.45,3.04,104,2.17,3.51
Tirunelveli,2017,26.38,31.49,21.34,1018.21,2.79,96.64,76.35,2.99,154,1.85,7.23
Tirunelveli,2018,25.95,30.31,21.76,935.68,2.56,30.26,78.54,2.81,148,1.52,4.69
Tirunelveli,2019,26.75,31.93,22.81,1177.21,3.23,61.84,75.99,2.82,152,2.17,7.22
Tirunelveli,2020,26.29,31.2,22.23,1019.36,2.79,72.54,78.65,2.83,158,1.94,6.11
Tirunelveli,2021,25.41,30.44,20.64,1928.89,5.28,201.76,83.68,2.78,193,1.68,14.06
Tirunelveli,2022,25.95,30.2,22.63,976.93,2.68,53.94,79.03,2.8,171,1.5,4.96
Tirunelveli,2023,26.55,31.14,22.88,1349.08,3.7,209.16,76.76,2.81,149,1.78,12.79
Tirunelveli,2024,26.49,32.18,21.68,1080.62,2.95,37.69,80.37,2.74,154,2.08,5.51
Tirunelveli,2025,26.01,29.39,20.5,1124.5,3.08,46.85,80.84,2.93,174,1.72,5.78
Tirupathur,2005,25.63,32.07,18.63,1413.63,3.87,55.85,73.43,2.34,156,2.95,7.48
Tirupathur,2006,25.69,34.79,18.39,771.76,2.11,27.41,70.48,2.5,138,3.28,3.87
Tirupathur,2007,25.58,32.37,17.73,1075.96,2.95,44.09,71.44,2.33,127,3.02,6.17
Tirupathur,2008,25.2,33.08,18.25,1209.54,3.3,64.41,73.31,2.23,143,2.99,7.47
Tirupathur,2009,26.0,34.01,19.21,851.17,2.33,44.34,68.99,2.49,120,3.04,5.67
Tirupathur,2010,25.98,33.19,18.15,1089.9,2.99,43.16,72.48,2.36,165,3.03,5.13
Tirupathur,2011,25.78,31.64,19.13,792.05,2.17,30.11,69.18,2.56,127,3.09,4.37
Tirupathur,2012,26.52,32.72,19.63,673.61,1.84,44.02,65.84,2.52,112,2.98,4.45
Tirupathur,2013,26.06,33.85,19.97,857.84,2.35,47.36,68.83,2.68,138,2.89,4.78
Tirupathur,2014,26.34,32.54,20.17,674.61,1.85,25.95,66.5,2.63,117,2.87,3.79
Tirupathur,2015,26.05,31.98,19.29,1136.35,3.11,65.12,69.96,2.43,148,2.72,6.55
Tirupathur,2016,26.43,35.81,18.68,621.9,1.7,36.74,66.34,2.34,92,3.21,4.27
Tirupathur,2017,26.25,34.36,18.78,1016.07,2.78,31.18,68.77,2.3,149,3.28,4.93
Tirupathur,2018,26.31,32.41,19.22,630.16,1.73,24.53,66.94,2.44,111,2.77,3.57
Tirupathur,2019,26.68,33.12,20.11,929.87,2.55,40.79,68.52,2.37,144,3.14,5.21
Tirupathur,2020,26.09,33.95,19.17,1131.93,3.09,79.42,72.03,2.3,146,3.05,6.75
Tirupathur,2021,25.4,33.06,19.09,1417.43,3.88,91.01,75.44,2.22,167,2.8,8.06
Tirupathur,2022,25.36,32.43,19.42,1319.6,3.62,68.56,75.78,2.18,152,2.69,7.28
Tirupathur,2023,26.19,32.99,18.69,908.33,2.49,39.32,70.92,2.27,137,2.91,4.64
Tirupathur,2024,26.61,34.75,19.78,1165.04,3.18,64.35,71.23,2.49,142,2.72,7.2
Tirupathur,2025,25.81,31.89,19.17,945.72,2.59,52.08,72.13,2.34,145,2.92,5.51
Tiruppur,2005,26.8,33.47,20.33,940.06,2.58,48.24,69.28,2.59,130,2.68,5.83
Tiruppur,2006,26.5,33.6,20.17,683.94,1.87,29.2,69.4,2.73,128,2.9,3.62
Tiruppur,2007,26.89,33.15,21.17,707.32,1.94,56.83,66.07,2.6,128,2.77,4.61
Tiruppur,2008,26.3,31.19,19.9,798.96,2.18,41.36,69.4,2.54,112,2.38,5.2
Tiruppur,2009,27.11,33.39,21.09,536.78,1.47,28.53,65.02,2.83,117,2.58,3.24
Tiruppur,2010,27.2,34.01,19.84,849.76,2.33,23.87,67.39,2.57,142,2.81,4.19
Tiruppur,2011,26.5,32.94,20.57,749.17,2.05,27.69,68.26,2.73,117,2.64,4.09
Tiruppur,2012,27.36,34.25,21.19,521.55,1.42,37.19,63.91,2.76,93,2.48,3.58
Tiruppur,2013,27.51,34.15,22.01,555.68,1.52,18.6,63.36,2.9,112,2.55,3.11
Tiruppur,2014,27.39,33.88,21.69,604.63,1.66,23.02,63.98,2.75,119,2.45,3.45
Tiruppur,2015,27.12,33.23,22.0,867.27,2.38,28.63,67.33,2.46,135,2.13,4.39
Tiruppur,2016,28.05,34.76,21.74,411.39,1.12,19.75,60.8,2.68,81,2.69,2.61
Tiruppur,2017,27.15,33.86,21.29,833.14,2.28,40.26,66.67,2.49,138,2.47,4.4
Tiruppur,2018,27.02,34.06,22.07,752.8,2.06,34.88,66.85,2.55,143,2.13,4.22
Tiruppur,2019,27.73,34.01,21.9,851.52,2.33,31.71,65.57,2.58,140,2.95,4.32
Tiruppur,2020,27.3,33.96,21.56,942.1,2.57,94.78,68.0,2.51,144,2.8,6.64
Tiruppur,2021,26.27,33.12,20.66,1188.19,3.26,27.98,74.01,2.39,179,2.37,5.08
Tiruppur,2022,26.44,31.8,20.94,1061.02,2.91,42.89,72.39,2.3,161,2.14,5.15
Tiruppur,2023,27.31,33.44,22.11,842.73,2.31,23.6,66.97,2.46,144,2.34,4.05
Tiruppur,2024,27.5,35.84,21.94,1058.83,2.89,41.01,69.26,2.4,140,2.8,5.66
Tiruppur,2025,26.92,31.52,21.24,755.66,2.07,35.13,69.77,2.58,136,2.31,4.08
Tiruvallur,2005,27.9,32.77,22.43,1894.66,5.19,168.33,73.91,3.17,134,2.53,15.2
Tiruvallur,2006,27.82,34.61,22.57,1236.69,3.39,95.98,72.14,3.06,133,2.8,9.04
Tiruvallur,2007,27.63,34.82,22.48,1255.81,3.44,86.6,73.32,3.06,135,2.66,8.62
Tiruvallur,2008,27.66,34.3,22.11,1428.04,3.9,178.98,73.16,2.95,137,2.66,13.14
Tiruvallur,2009,28.22,34.81,22.91,1165.21,3.19,72.42,70.58,3.12,117,2.75,8.18
Tiruvallur,2010,27.83,33.56,21.38,1361.98,3.73,80.79,75.53,3.03,160,2.54,7.89
Tiruvallur,2011,27.72,33.0,22.37,1371.22,3.76,58.97,72.46,3.1,130,2.65,8.21
Tiruvallur,2012,27.97,35.26,21.4,1004.69,2.75,51.6,71.44,3.07,115,2.83,7.07
Tiruvallur,2013,27.79,33.82,22.9,1023.06,2.8,54.34,72.75,3.22,141,2.46,6.27
Tiruvallur,2014,27.98,33.02,22.98,1096.01,3.0,53.9,71.05,3.2,130,2.58,6.93
Tiruvallur,2015,27.87,32.96,22.36,1961.46,5.37,132.57,73.24,3.01,151,2.46,15.35
Tiruvallur,2016,28.11,33.46,22.66,811.36,2.22,104.15,70.68,3.04,98,2.49,7.61
Tiruvallur,2017,28.13,34.65,23.09,1290.07,3.53,57.85,72.2,3.01,143,2.74,7.5
Tiruvallur,2018,28.08,32.87,21.8,832.38,2.28,78.67,70.88,3.06,106,2.63,6.44
Tiruvallur,2019,28.36,33.98,22.22,1207.03,3.31,70.8,72.52,3.13,140,2.66,7.38
Tiruvallur,2020,27.9,33.12,23.1,1560.54,4.26,115.52,74.88,2.92,160,2.27,10.69
Tiruvallur,2021,27.61,32.48,22.4,1841.35,5.04,84.05,76.3,2.9,179,2.34,11.26
Tiruvallur,2022,27.65,32.25,22.52,1364.28,3.74,67.26,75.95,2.88,170,2.24,8.07
Tiruvallur,2023,27.99,34.15,22.54,1525.88,4.18,187.88,74.78,2.94,153,2.44,11.98
Tiruvallur,2024,28.36,34.6,22.36,1623.87,4.44,128.29,74.67,3.09,156,2.34,11.04
Tiruvallur,2025,27.77,32.04,22.57,1316.44,3.61,97.64,74.41,2.93,167,2.49,7.87
Tiruvannamalai,2005,27.71,32.51,21.0,1552.41,4.25,85.61,72.62,2.54,132,2.99,10.21
Tiruvannamalai,2006,27.67,35.96,21.49,977.07,2.68,56.01,70.48,2.57,142,3.26,6.03
Tiruvannamalai,2007,27.52,34.77,20.74,1109.11,3.04,67.79,71.35,2.46,134,3.06,7.36
Tiruvannamalai,2008,27.21,33.96,20.88,1391.45,3.8,120.92,73.17,2.35,138,2.95,10.88
Tiruvannamalai,2009,28.02,35.85,21.82,1013.3,2.78,55.44,69.14,2.53,115,3.14,6.76
Tiruvannamalai,2010,27.65,34.16,20.87,1319.15,3.61,54.32,73.89,2.43,167,2.92,6.69
Tiruvannamalai,2011,27.49,34.12,20.98,1155.28,3.17,54.7,71.31,2.58,128,3.1,7.02
Tiruvannamalai,2012,27.91,34.74,20.5,921.85,2.52,65.94,69.55,2.53,111,3.09,6.8
Tiruvannamalai,2013,27.94,34.87,21.92,871.31,2.39,42.92,69.42,2.7,126,2.83,4.87
Tiruvannamalai,2014,27.96,33.28,21.81,953.42,2.61,40.67,68.9,2.65,124,2.8,5.59
Tiruvannamalai,2015,27.79,33.07,21.67,1509.05,4.13,109.55,71.55,2.49,149,2.71,10.07
Tiruvannamalai,2016,28.11,35.24,21.55,679.58,1.86,49.59,68.66,2.39,111,2.83,5.03
Tiruvannamalai,2017,28.14,34.98,21.7,1133.85,3.11,42.3,69.66,2.44,154,3.16,6.04
Tiruvannamalai,2018,27.86,32.9,21.32,834.89,2.29,33.65,69.98,2.54,127,2.93,5.12
Tiruvannamalai,2019,28.37,35.18,21.38,1079.7,2.96,59.08,70.08,2.5,140,3.14,6.44
Tiruvannamalai,2020,27.91,34.9,22.04,1325.92,3.62,134.94,72.48,2.4,153,2.84,9.93
Tiruvannamalai,2021,27.23,33.33,21.07,1718.84,4.71,66.89,76.27,2.32,184,2.71,8.82
Tiruvannamalai,2022,27.36,32.82,21.35,1199.42,3.29,70.12,75.17,2.3,161,2.48,6.14
Tiruvannamalai,2023,28.0,33.66,21.7,1059.47,2.9,53.12,72.1,2.39,154,2.69,5.2
Tiruvannamalai,2024,28.27,35.15,22.23,1370.51,3.74,90.21,72.6,2.53,154,2.58,9.49
Tiruvannamalai,2025,27.66,32.46,21.37,1092.63,2.99,50.66,72.98,2.38,146,2.84,5.8
Tiruvarur,2005,28.16,32.94,21.78,1387.46,3.8,104.12,72.23,2.93,120,2.78,10.04
Tiruvarur,2006,27.94,34.38,21.51,886.31,2.43,34.9,71.66,3.0,116,3.02,5.18
Tiruvarur,2007,28.07,33.82,21.76,994.26,2.72,83.06,70.19,2.85,118,2.76,7.9
Tiruvarur,2008,27.56,32.73,21.42,1262.43,3.45,86.87,73.45,2.76,121,2.66,10.03
Tiruvarur,2009,28.45,34.19,22.47,959.42,2.63,47.98,68.63,2.98,103,2.99,6.68
Tiruvarur,2010,27.98,33.53,21.89,1277.48,3.5,59.36,73.7,2.7,158,2.82,6.56
Tiruvarur,2011,27.92,32.91,21.87,1019.06,2.79,50.16,71.35,2.97,130,2.87,6.24
Tiruvarur,2012,28.23,33.19,21.47,858.52,2.35,64.19,70.06,2.89,108,2.74,6.16
Tiruvarur,2013,28.56,34.34,22.07,773.79,2.12,52.79,68.09,3.13,112,2.64,4.9
Tiruvarur,2014,28.38,32.62,22.67,896.37,2.46,43.87,69.06,3.04,124,2.63,5.44
Tiruvarur,2015,28.12,32.53,22.41,1427.28,3.91,68.17,72.31,2.8,149,2.43,8.52
Tiruvarur,2016,28.62,34.57,22.07,641.8,1.75,72.82,68.33,2.72,107,2.7,5.28
Tiruvarur,2017,28.45,34.05,22.69,1103.11,3.02,53.49,70.1,2.78,154,2.82,6.51
Tiruvarur,2018,28.1,32.72,21.95,849.33,2.33,45.3,71.18,2.93,129,2.78,5.49
Tiruvarur,2019,28.78,34.62,22.08,1087.95,2.98,61.54,70.04,2.87,138,3.02,6.43
Tiruvarur,2020,28.31,34.66,22.74,1208.57,3.3,84.28,72.07,2.77,142,2.63,8.53
Tiruvarur,2021,27.59,32.48,21.64,1652.78,4.53,64.5,76.69,2.63,188,2.62,8.49
Tiruvarur,2022,27.7,32.99,21.05,1173.2,3.21,72.83,75.44,2.61,169,2.39,6.1
Tiruvarur,2023,28.4,33.06,22.35,1026.84,2.81,52.98,72.0,2.76,161,2.54,5.3
Tiruvarur,2024,28.61,34.83,22.83,1256.84,3.43,100.63,72.88,2.84,149,2.45,8.29
Tiruvarur,2025,28.05,33.18,21.99,1173.17,3.21,65.52,73.52,2.69,143,2.76,7.08
Vellore,2005,26.78,32.91,19.65,1547.81,4.24,105.19,72.83,2.33,152,3.15,10.09
Vellore,2006,26.71,35.74,19.61,974.31,2.67,52.08,70.79,2.33,138,3.57,6.1
Vellore,2007,26.59,34.82,19.21,1128.21,3.09,47.01,71.85,2.25,135,3.33,6.48
Vellore,2008,26.46,35.18,19.75,1249.05,3.41,130.99,72.28,2.16,138,3.31,9.61
Vellore,2009,27.16,36.01,20.25,974.01,2.67,50.19,69.01,2.38,119,3.42,6.1
Vellore,2010,26.99,34.97,18.88,1170.19,3.21,63.74,73.0,2.27,149,3.31,6.43
Vellore,2011,26.68,33.29,19.81,1046.42,2.87,49.53,70.48,2.35,115,3.41,6.22
Vellore,2012,27.25,34.62,19.34,888.45,2.43,55.84,67.96,2.34,108,3.47,5.88
Vellore,2013,26.96,34.97,20.83,901.35,2.47,46.7,69.87,2.5,127,3.08,5.44
Vellore,2014,27.26,33.32,20.68,861.47,2.36,33.8,67.42,2.47,106,3.12,5.2
Vellore,2015,26.89,32.97,20.3,1667.01,4.57,100.55,71.3,2.27,142,3.01,11.72
Vellore,2016,27.19,35.72,20.01,718.09,1.96,72.19,68.05,2.26,96,3.28,5.72
Vellore,2017,27.25,35.34,20.13,1134.69,3.11,43.74,69.54,2.22,142,3.53,6.05
Vellore,2018,27.25,33.44,19.9,718.94,1.97,45.52,67.69,2.34,99,3.15,5.03
Vellore,2019,27.74,34.79,20.33,1012.14,2.77,47.03,68.98,2.31,134,3.49,6.24
Vellore,2020,26.91,34.03,20.27,1352.07,3.69,127.06,73.38,2.18,145,3.0,9.29
Vellore,2021,26.43,33.47,19.81,1551.91,4.25,80.66,75.6,2.13,166,3.04,8.66
Vellore,2022,26.5,33.43,20.19,1217.93,3.34,57.56,75.16,2.13,155,2.97,6.67
Vellore,2023,27.08,33.91,19.91,1215.0,3.33,90.14,72.48,2.15,143,3.13,7.41
Vellore,2024,27.47,35.72,20.79,1364.47,3.73,106.9,72.41,2.38,141,3.02,9.49
Vellore,2025,26.62,32.73,19.58,1153.89,3.16,40.1,73.49,2.22,147,3.21,6.03
Viluppuram,2005,27.71,32.51,21.0,1552.41,4.25,85.61,72.62,2.54,132,2.99,10.21
Viluppuram,2006,27.67,35.96,21.49,977.07,2.68,56.01,70.48,2.57,142,3.26,6.03
Viluppuram,2007,27.52,34.77,20.74,1109.11,3.04,67.79,71.35,2.46,134,3.06,7.36
Viluppuram,2008,27.21,33.96,20.88,1391.45,3.8,120.92,73.17,2.35,138,2.95,10.88
Viluppuram,2009,28.02,35.85,21.82,1013.3,2.78,55.44,69.14,2.53,115,3.14,6.76
Viluppuram,2010,27.65,34.16,20.87,1319.15,3.61,54.32,73.89,2.43,167,2.92,6.69
Viluppuram,2011,27.49,34.12,20.98,1155.28,3.17,54.7,71.31,2.58,128,3.1,7.02
Viluppuram,2012,27.91,34.74,20.5,921.85,2.52,65.94,69.55,2.53,111,3.09,6.8
Viluppuram,2013,27.94,34.87,21.92,871.31,2.39,42.92,69.42,2.7,126,2.83,4.87
Viluppuram,2014,27.96,33.28,21.81,953.42,2.61,40.67,68.9,2.65,124,2.8,5.59
Viluppuram,2015,27.79,33.07,21.67,1509.05,4.13,109.55,71.55,2.49,149,2.71,10.07
Viluppuram,2016,28.11,35.24,21.55,679.58,1.86,49.59,68.66,2.39,111,2.83,5.03
Viluppuram,2017,28.14,34.98,21.7,1133.85,3.11,42.3,69.66,2.44,154,3.16,6.04
Viluppuram,2018,27.86,32.9,21.32,834.89,2.29,33.65,69.98,2.54,127,2.93,5.12
Viluppuram,2019,28.37,35.18,21.38,1079.7,2.96,59.08,70.08,2.5,140,3.14,6.44
Viluppuram,2020,27.91,34.9,22.04,1325.92,3.62,134.94,72.48,2.4,153,2.84,9.93
Viluppuram,2021,27.23,33.33,21.07,1718.84,4.71,66.89,76.27,2.32,184,2.71,8.82
Viluppuram,2022,27.36,32.82,21.35,1199.42,3.29,70.12,75.17,2.3,161,2.48,6.14
Viluppuram,2023,28.0,33.66,21.7,1059.47,2.9,53.12,72.1,2.39,154,2.69,5.2
Viluppuram,2024,28.27,35.15,22.23,1370.51,3.74,90.21,72.6,2.53,154,2.58,9.49
Viluppuram,2025,27.66,32.46,21.37,1092.63,2.99,50.66,72.98,2.38,146,2.84,5.8
Virudhunagar,2005,27.04,33.52,21.72,1787.66,4.9,71.6,77.17,2.36,164,2.06,10.26
Virudhunagar,2006,26.81,33.19,21.34,1608.75,4.41,51.98,76.8,2.52,148,2.5,8.49
Virudhunagar,2007,27.57,32.9,21.59,861.86,2.36,41.17,71.04,2.62,146,2.36,4.86
Virudhunagar,2008,27.21,31.37,21.65,1052.33,2.88,56.63,72.99,2.52,136,1.98,6.96
Virudhunagar,2009,28.28,34.34,22.97,694.88,1.9,37.43,66.88,2.74,112,2.62,4.68
Virudhunagar,2010,28.15,33.92,21.75,1006.78,2.76,45.59,69.69,2.55,115,2.56,6.0
Virudhunagar,2011,27.96,32.79,21.71,724.28,1.98,32.17,68.58,2.72,99,2.6,4.55
Virudhunagar,2012,28.5,33.21,22.7,598.13,1.63,30.9,66.2,2.76,79,2.22,4.25
Virudhunagar,2013,28.57,34.19,22.6,651.15,1.78,52.33,65.73,2.82,83,2.25,5.08
Virudhunagar,2014,28.07,33.31,21.51,919.74,2.52,42.44,69.13,2.71,106,2.37,6.04
Virudhunagar,2015,27.66,31.45,22.74,1170.83,3.21,43.89,73.47,2.48,151,1.91,6.41
Virudhunagar,2016,28.75,35.18,22.22,564.98,1.54,33.86,65.9,2.51,94,2.48,3.88
Virudhunagar,2017,28.18,34.61,23.28,972.77,2.67,66.31,69.72,2.49,153,2.42,5.74
Virudhunagar,2018,28.06,32.37,23.46,779.38,2.14,42.64,69.46,2.51,139,1.9,4.27
Virudhunagar,2019,28.75,34.9,23.05,1013.29,2.78,57.99,68.33,2.62,137,2.74,6.3
Virudhunagar,2020,28.18,33.33,22.58,1085.92,2.97,62.61,71.21,2.5,152,2.25,6.93
Virudhunagar,2021,27.29,33.28,21.9,1547.02,4.24,96.27,76.35,2.4,186,2.27,9.13
Virudhunagar,2022,27.54,32.2,22.64,1204.13,3.3,31.42,74.05,2.29,163,1.91,5.52
Virudhunagar,2023,28.17,33.26,22.88,1182.9,3.24,106.75,71.67,2.45,164,2.29,7.86
Virudhunagar,2024,28.45,35.31,23.23,1038.91,2.84,63.73,72.37,2.46,152,2.37,6.01
Virudhunagar,2025,27.97,31.7,21.51,954.53,2.62,49.93,72.6,2.47,165,2.33,5.28
