Crop,District,Years_Covered,Total_Area,Total_Production,Average_Yield,Yield_Std,Maximum_Yield,Minimum_Yield,Records,CV_Percentage,Yield_Stability
Bajra,VILLUPURAM,21,1011555.0,85358210.0,117.44,110.92,320.75,0.39,45,94.45,Highly Variable
Bajra,THOOTHUKUDI,19,285273.0,49852500.0,184.99,66.8,326.26,14.59,21,36.11,Highly Variable
Bajra,CUDDALORE,21,156555.0,21466834.0,148.52,134.61,435.08,1.26,45,90.63,Highly Variable
Bajra,VIRUDHUNAGAR,21,194625.0,18753227.0,145.02,133.36,435.02,1.1,45,91.96,Highly Variable
Bajra,TIRUVANNAMALAI,21,265133.0,18446994.0,124.33,145.74,488.32,0.32,45,117.22,Highly Variable
Bajra,DINDIGUL,21,184310.0,16809430.0,130.71,128.79,486.67,0.8,45,98.53,Highly Variable
Bajra,THENI,21,144180.0,12947872.0,133.96,126.16,386.32,0.44,45,94.18,Highly Variable
Bajra,MADURAI,21,122776.0,11339723.0,139.21,127.41,426.51,1.13,45,91.52,Highly Variable
Bajra,VELLORE,21,95497.0,9948716.0,129.65,130.6,478.24,0.75,45,100.73,Highly Variable
Bajra,DHARMAPURI,21,85191.0,8726747.0,133.61,132.32,444.58,0.78,44,99.03,Highly Variable
Bajra,SALEM,21,84784.0,7482089.0,118.33,105.99,314.86,1.06,45,89.57,Highly Variable
Bajra,TIRUCHIRAPPALLI,21,112295.0,5609948.0,90.12,97.61,314.74,0.32,45,108.31,Highly Variable
Bajra,KARUR,21,197157.0,5316095.0,89.13,107.28,314.69,0.25,45,120.36,Highly Variable
Bajra,THIRUVALLUR,21,35441.0,4169118.0,137.41,117.15,314.71,1.12,43,85.26,Highly Variable
Bajra,PERAMBALUR,21,66762.0,3465138.0,151.99,244.33,1573.02,0.73,45,160.76,Highly Variable
Bajra,TUTICORIN,16,271236.0,3386083.0,31.02,84.98,275.0,1.11,18,274.01,Highly Variable
Bajra,TIRUNELVELI,21,37189.0,3249106.0,132.78,117.36,315.22,0.99,44,88.39,Highly Variable
Bajra,ARIYALUR,9,10006.0,2363877.0,204.74,137.08,435.71,1.68,22,66.95,Highly Variable
Bajra,RAMANATHAPURAM,20,27155.0,2057086.0,73.05,82.29,344.45,0.45,34,112.66,Highly Variable
Bajra,ERODE,21,23930.0,1733606.0,125.68,111.87,320.0,0.85,43,89.01,Highly Variable
Bajra,KRISHNAGIRI,14,10273.0,1468690.0,150.33,119.64,323.19,0.9,32,79.58,Highly Variable
Bajra,COIMBATORE,21,11234.0,1173501.0,159.27,219.81,1394.59,1.1,45,138.01,Highly Variable
Bajra,NAMAKKAL,21,14765.0,1166148.0,127.51,111.75,315.18,1.03,45,87.64,Highly Variable
Bajra,TIRUPPUR,9,1639.0,322170.0,193.65,122.18,368.75,2.0,22,63.09,Highly Variable
Bajra,SIVAGANGA,21,2100.0,215962.0,129.69,115.41,320.0,0.67,41,88.99,Highly Variable
Bajra,PUDUKKOTTAI,18,1992.0,186929.0,115.61,111.21,333.33,0.86,32,96.19,Highly Variable
Bajra,KANCHIPURAM,19,1300.0,146248.0,149.55,122.86,316.67,1.0,42,82.15,Highly Variable
Bajra,THANJAVUR,15,261.0,23707.0,130.38,113.27,300.0,1.32,29,86.88,Highly Variable
Bajra,NAGAPATTINAM,4,32.0,4425.0,119.3,141.52,316.67,0.33,7,118.62,Highly Variable
Bajra,THE NILGIRIS,4,24.0,1313.0,56.81,67.28,150.0,0.5,8,118.42,Highly Variable
Banana,THOOTHUKUDI,18,179457.0,893684200.0,5031.06,1386.39,7222.4,2582.2,18,27.56,Moderately Variable
Banana,TIRUCHIRAPPALLI,20,296379.0,729443099.0,2559.74,2328.51,6338.1,35.65,34,90.97,Highly Variable
Banana,ERODE,20,255822.0,671498041.0,2272.88,2175.24,6841.69,27.28,34,95.7,Highly Variable
Banana,COIMBATORE,20,260317.0,565724568.0,2147.26,1977.34,4974.42,29.28,34,92.09,Highly Variable
Banana,THENI,20,139195.0,512874684.0,3161.88,3177.47,8932.15,17.56,34,100.49,Highly Variable
Banana,TIRUNELVELI,20,243678.0,443576342.0,1830.02,1740.89,4800.69,23.94,34,95.13,Highly Variable
Banana,VELLORE,20,156228.0,344064609.0,2225.51,2174.89,7996.83,27.79,34,97.73,Highly Variable
Banana,CUDDALORE,20,138211.0,313820183.0,2138.33,2090.35,5858.09,23.57,34,97.76,Highly Variable
Banana,KANNIYAKUMARI,20,189689.0,307229020.0,1604.51,1604.95,4718.39,22.8,34,100.03,Highly Variable
Banana,KARUR,20,136852.0,284078813.0,2251.96,2220.45,6688.0,20.28,34,98.6,Highly Variable
Banana,PUDUKKOTTAI,20,107901.0,282080068.0,2735.19,2531.46,6621.71,30.01,34,92.55,Highly Variable
Banana,THANJAVUR,20,125306.0,272884913.0,2168.33,2179.49,7623.0,25.51,34,100.51,Highly Variable
Banana,DINDIGUL,20,118920.0,238981612.0,1879.53,2199.7,9576.06,17.56,34,117.03,Highly Variable
Banana,TIRUVANNAMALAI,20,80386.0,226231895.0,2638.39,2670.67,9715.77,35.38,34,101.22,Highly Variable
Banana,MADURAI,20,82779.0,218320664.0,2520.57,2332.13,6713.22,30.95,34,92.52,Highly Variable
Banana,NAMAKKAL,20,67224.0,144380495.0,2131.26,1986.45,5358.43,21.8,34,93.21,Highly Variable
Banana,SALEM,20,59376.0,131362413.0,2116.18,2009.03,5358.39,21.8,34,94.94,Highly Variable
Banana,THIRUVALLUR,20,49162.0,86652252.0,2228.64,2065.57,5358.44,20.72,34,92.68,Highly Variable
Banana,KRISHNAGIRI,15,33881.0,84104642.0,2662.6,2110.84,5358.41,35.38,24,79.28,Highly Variable
Banana,VILLUPURAM,20,37373.0,81322405.0,2160.72,2029.12,5358.43,18.65,34,93.91,Highly Variable
Banana,DHARMAPURI,20,31032.0,67712226.0,2449.18,2266.81,7497.75,35.37,34,92.55,Highly Variable
Banana,SIVAGANGA,20,25051.0,64150698.0,2344.81,2115.82,5358.33,35.0,34,90.23,Highly Variable
Banana,VIRUDHUNAGAR,20,25919.0,63081666.0,2340.83,2113.72,5358.38,34.34,34,90.3,Highly Variable
Banana,TIRUPPUR,9,25771.0,62540740.0,2560.35,1733.3,4787.6,36.77,12,67.7,Highly Variable
Banana,TUTICORIN,15,169664.0,49600033.0,362.55,1226.03,4959.97,40.32,16,338.17,Highly Variable
Banana,THE NILGIRIS,20,19675.0,49259631.0,2252.8,2096.42,5358.43,14.35,34,93.06,Highly Variable
Banana,NAGAPATTINAM,20,19062.0,43545774.0,2229.01,2050.67,5358.4,25.42,34,92.0,Highly Variable
Banana,THIRUVARUR,20,13163.0,29449897.0,2229.93,2050.81,5358.31,25.58,34,91.97,Highly Variable
Banana,PERAMBALUR,20,9484.0,22969169.0,2520.01,2417.03,8754.59,35.38,34,95.91,Highly Variable
Banana,KANCHIPURAM,20,8269.0,20170411.0,2227.98,2065.6,5358.37,20.72,34,92.71,Highly Variable
Banana,RAMANATHAPURAM,20,4637.0,11249630.0,2348.95,2118.05,5358.26,35.37,34,90.17,Highly Variable
Banana,ARIYALUR,9,1801.0,5599394.0,3030.54,1823.06,4369.44,41.53,12,60.16,Highly Variable
Banana,CHENNAI,1,27.0,116600.0,4318.52,,4318.52,4318.52,1,,Insufficient Data
Cotton(lint),PERAMBALUR,23,703899.0,77987542.0,118.84,114.99,383.4,0.26,48,96.76,Highly Variable
Cotton(lint),SALEM,22,519892.0,65577866.0,150.09,144.05,480.34,0.27,47,95.97,Highly Variable
Cotton(lint),VIRUDHUNAGAR,23,638393.0,49395662.0,91.03,89.6,281.17,0.13,49,98.42,Highly Variable
Cotton(lint),DHARMAPURI,23,391126.0,44880990.0,131.24,126.1,381.56,0.27,49,96.08,Highly Variable
Cotton(lint),TIRUCHIRAPPALLI,23,361301.0,36445804.0,115.43,114.49,345.55,0.2,49,99.19,Highly Variable
Cotton(lint),VILLUPURAM,23,280310.0,33896836.0,129.8,118.38,341.23,0.21,49,91.2,Highly Variable
Cotton(lint),MADURAI,23,365527.0,26659173.0,87.73,84.27,239.91,0.14,49,96.06,Highly Variable
Cotton(lint),TIRUNELVELI,23,214603.0,24001129.0,135.21,136.4,476.4,0.17,49,100.88,Highly Variable
Cotton(lint),VELLORE,23,219240.0,23038347.0,118.77,115.59,341.43,0.29,46,97.32,Highly Variable
Cotton(lint),DINDIGUL,23,149460.0,22375380.0,156.5,162.98,609.76,0.24,49,104.14,Highly Variable
Cotton(lint),ARIYALUR,11,132627.0,21601644.0,165.37,139.96,472.25,0.25,26,84.64,Highly Variable
Cotton(lint),ERODE,23,150517.0,17323587.0,154.96,145.7,438.14,0.18,48,94.02,Highly Variable
Cotton(lint),THOOTHUKUDI,21,141385.0,16446400.0,158.5,119.71,482.69,0.22,27,75.53,Highly Variable
Cotton(lint),THIRUVARUR,23,88564.0,16189047.0,136.76,136.8,457.26,0.29,41,100.03,Highly Variable
Cotton(lint),THENI,23,132967.0,16084094.0,172.5,183.8,568.42,0.24,49,106.55,Highly Variable
Cotton(lint),CUDDALORE,23,148864.0,15777420.0,110.92,116.45,392.58,0.16,48,104.98,Highly Variable
Cotton(lint),NAMAKKAL,23,112181.0,14667652.0,144.62,139.73,448.72,0.21,49,96.62,Highly Variable
Cotton(lint),COIMBATORE,23,181590.0,13361701.0,123.04,120.12,397.19,0.26,48,97.62,Highly Variable
Cotton(lint),NAGAPATTINAM,23,64466.0,10519603.0,138.26,135.81,432.12,0.45,44,98.23,Highly Variable
Cotton(lint),THANJAVUR,23,47615.0,7814725.0,161.04,148.92,525.0,0.43,44,92.48,Highly Variable
Cotton(lint),TIRUVANNAMALAI,23,59549.0,6543440.0,131.54,119.96,313.51,0.28,49,91.19,Highly Variable
Cotton(lint),RAMANATHAPURAM,23,115098.0,6473928.0,76.38,96.76,315.69,0.05,46,126.67,Highly Variable
Cotton(lint),KRISHNAGIRI,16,50666.0,6427289.0,135.49,125.19,341.23,0.27,36,92.39,Highly Variable
Cotton(lint),SIVAGANGA,23,27322.0,2711424.0,122.1,116.41,339.13,0.23,49,95.34,Highly Variable
Cotton(lint),TIRUPPUR,11,9973.0,2041131.0,187.04,157.88,621.19,0.28,25,84.41,Highly Variable
Cotton(lint),TUTICORIN,18,135419.0,1624288.0,22.1,66.12,245.28,0.32,21,299.13,Highly Variable
Cotton(lint),KARUR,22,14230.0,1484802.0,134.52,117.47,313.7,1.5,47,87.32,Highly Variable
Cotton(lint),PUDUKKOTTAI,22,10340.0,1126416.0,127.29,116.04,314.0,1.17,45,91.16,Highly Variable
Cotton(lint),KANCHIPURAM,18,2629.0,275525.0,128.29,123.15,314.29,1.88,33,95.99,Highly Variable
Cotton(lint),THE NILGIRIS,10,173.0,13921.0,103.88,115.57,340.0,0.98,19,111.25,Highly Variable
Cotton(lint),KANNIYAKUMARI,6,82.0,7171.0,83.04,97.01,200.0,0.25,12,116.82,Highly Variable
Cotton(lint),THIRUVALLUR,6,61.0,5141.0,107.84,129.89,350.0,0.5,10,120.44,Highly Variable
Groundnut,TIRUVANNAMALAI,23,3249911.0,322761221.0,127.59,116.35,391.5,1.06,49,91.19,Highly Variable
Groundnut,VILLUPURAM,23,2385312.0,270381727.0,155.98,136.4,427.9,1.34,49,87.44,Highly Variable
Groundnut,VELLORE,23,1937881.0,207438885.0,143.77,125.75,350.11,1.17,49,87.47,Highly Variable
Groundnut,NAMAKKAL,23,1641352.0,154158201.0,120.89,110.59,360.91,1.06,49,91.48,Highly Variable
Groundnut,KANCHIPURAM,23,918333.0,151660877.0,203.43,173.81,517.33,1.75,49,85.44,Highly Variable
Groundnut,CUDDALORE,23,818731.0,127305353.0,221.67,227.55,850.68,1.86,49,102.65,Highly Variable
Groundnut,THIRUVALLUR,23,660278.0,119793568.0,224.58,193.72,565.61,2.33,49,86.26,Highly Variable
Groundnut,ERODE,23,1282746.0,116511371.0,121.56,114.21,419.31,1.12,49,93.95,Highly Variable
Groundnut,SALEM,23,1191314.0,110334300.0,129.32,118.74,394.74,1.06,49,91.82,Highly Variable
Groundnut,DHARMAPURI,23,1024170.0,98672763.0,146.76,134.72,456.21,1.2,49,91.79,Highly Variable
Groundnut,DINDIGUL,23,570824.0,73611063.0,162.88,140.3,493.61,1.07,49,86.14,Highly Variable
Groundnut,PUDUKKOTTAI,23,850162.0,72705528.0,128.69,120.09,395.2,1.07,49,93.32,Highly Variable
Groundnut,TIRUCHIRAPPALLI,23,551053.0,56139754.0,134.61,117.37,368.93,1.41,49,87.19,Highly Variable
Groundnut,PERAMBALUR,23,724012.0,56106575.0,153.69,224.31,1492.5,1.19,49,145.95,Highly Variable
Groundnut,KRISHNAGIRI,16,401518.0,49837984.0,172.4,138.77,375.1,1.19,36,80.49,Highly Variable
Groundnut,THANJAVUR,23,305336.0,47233124.0,181.24,167.6,562.47,1.41,49,92.48,Highly Variable
Groundnut,COIMBATORE,23,571903.0,46731087.0,130.69,122.14,391.72,0.9,49,93.45,Highly Variable
Groundnut,ARIYALUR,11,170253.0,40628269.0,284.75,199.42,609.35,1.95,26,70.04,Highly Variable
Groundnut,KARUR,23,247718.0,27290746.0,147.27,123.22,345.01,1.46,49,83.67,Highly Variable
Groundnut,VIRUDHUNAGAR,23,296593.0,20273329.0,82.31,72.73,220.49,0.43,49,88.36,Highly Variable
Groundnut,THIRUVARUR,23,90518.0,19228451.0,196.51,190.16,568.71,1.72,44,96.77,Highly Variable
Groundnut,MADURAI,23,209112.0,18719043.0,127.06,112.04,391.69,1.33,49,88.18,Highly Variable
Groundnut,SIVAGANGA,23,215440.0,18011176.0,115.31,118.96,391.71,0.84,49,103.16,Highly Variable
Groundnut,THENI,23,160921.0,16281864.0,161.73,150.05,521.32,0.87,49,92.78,Highly Variable
Groundnut,TIRUNELVELI,23,146259.0,15676920.0,149.78,131.67,391.75,1.5,49,87.91,Highly Variable
Groundnut,TIRUPPUR,11,117915.0,15425622.0,177.99,156.94,614.59,1.07,26,88.17,Highly Variable
Groundnut,NAGAPATTINAM,23,108597.0,14674368.0,157.07,146.94,438.03,1.2,45,93.55,Highly Variable
Groundnut,RAMANATHAPURAM,23,214415.0,14018207.0,77.47,78.75,225.43,0.39,44,101.66,Highly Variable
Groundnut,THOOTHUKUDI,21,27227.0,5171500.0,226.72,83.02,391.76,130.06,28,36.62,Highly Variable
Groundnut,TUTICORIN,18,25928.0,354481.0,31.63,95.7,374.51,1.3,21,302.53,Highly Variable
Groundnut,KANNIYAKUMARI,23,1466.0,113150.0,127.71,121.68,400.0,1.04,46,95.27,Highly Variable
Groundnut,THE NILGIRIS,12,144.0,12993.0,112.08,111.71,400.0,0.5,21,99.67,Highly Variable
Maize,PERAMBALUR,21,1256207.0,360723987.0,290.19,345.08,1150.1,1.18,45,118.92,Highly Variable
Maize,DINDIGUL,21,1193301.0,315358834.0,349.5,343.79,986.3,1.97,45,98.37,Highly Variable
Maize,SALEM,21,696355.0,308940703.0,377.06,384.14,1116.2,1.86,45,101.88,Highly Variable
Maize,TIRUPPUR,11,365786.0,180780648.0,558.09,389.02,1197.8,4.95,26,69.71,Highly Variable
Maize,VIRUDHUNAGAR,21,515501.0,161872681.0,317.25,316.86,1006.64,2.01,45,99.88,Highly Variable
Maize,ERODE,21,451108.0,159157183.0,341.08,322.89,985.69,2.28,45,94.67,Highly Variable
Maize,VILLUPURAM,18,263512.0,127770375.0,379.7,348.69,1076.28,1.45,40,91.83,Highly Variable
Maize,THOOTHUKUDI,19,332338.0,112776400.0,341.7,260.71,875.0,25.39,23,76.3,Highly Variable
Maize,THENI,21,339698.0,98467113.0,366.94,358.22,1029.82,1.61,45,97.62,Highly Variable
Maize,CUDDALORE,21,350923.0,95010535.0,241.8,266.61,810.45,1.47,45,110.26,Highly Variable
Maize,ARIYALUR,11,223166.0,90220078.0,411.43,329.26,981.98,0.86,26,80.03,Highly Variable
Maize,COIMBATORE,21,426381.0,81278540.0,377.74,472.66,2567.71,1.12,45,125.13,Highly Variable
Maize,TIRUCHIRAPPALLI,21,225206.0,79536408.0,295.08,319.86,1038.2,1.18,45,108.4,Highly Variable
Maize,TIRUNELVELI,21,297271.0,74078839.0,295.54,343.6,1046.93,0.54,45,116.26,Highly Variable
Maize,NAMAKKAL,21,165938.0,72490286.0,370.55,356.47,1004.7,1.61,45,96.2,Highly Variable
Maize,MADURAI,21,157999.0,51191056.0,258.16,254.55,749.98,2.0,45,98.6,Highly Variable
Maize,DHARMAPURI,21,99361.0,42198889.0,293.2,293.6,837.41,1.09,45,100.13,Highly Variable
Maize,PUDUKKOTTAI,21,95489.0,38782383.0,364.03,346.14,962.11,2.05,45,95.08,Highly Variable
Maize,VELLORE,21,49575.0,20532798.0,329.94,319.18,921.91,1.61,45,96.74,Highly Variable
Maize,KRISHNAGIRI,15,30432.0,16833368.0,388.79,323.08,921.89,1.1,34,83.1,Highly Variable
Maize,TUTICORIN,16,206540.0,13450415.0,25.32,94.17,390.66,0.45,17,371.95,Highly Variable
Maize,TIRUVANNAMALAI,21,31075.0,11191072.0,306.07,311.51,921.88,1.66,45,101.78,Highly Variable
Maize,THANJAVUR,21,31808.0,10450990.0,334.51,312.32,921.92,2.65,45,93.37,Highly Variable
Maize,KARUR,19,24254.0,10309497.0,340.7,319.14,922.03,1.25,42,93.67,Highly Variable
Maize,RAMANATHAPURAM,17,11931.0,4341194.0,275.09,287.6,749.92,1.15,28,104.55,Highly Variable
Maize,SIVAGANGA,19,1844.0,672924.0,328.37,319.85,921.05,0.54,42,97.41,Highly Variable
Maize,THIRUVALLUR,11,763.0,493986.0,432.54,328.88,950.0,3.0,22,76.03,Highly Variable
Maize,NAGAPATTINAM,20,676.0,178257.0,311.62,308.34,908.33,2.5,37,98.95,Highly Variable
Maize,KANNIYAKUMARI,6,139.0,82000.0,686.52,222.4,900.0,125.0,11,32.4,Highly Variable
Maize,KANCHIPURAM,13,288.0,73352.0,351.37,346.02,1200.0,1.56,28,98.48,Highly Variable
Maize,THIRUVARUR,10,229.0,51544.0,302.98,310.73,871.43,2.63,18,102.56,Highly Variable
Maize,THE NILGIRIS,2,27.0,3221.0,421.05,593.4,1100.0,1.62,3,140.93,Highly Variable
Maize,CHENGALPATTU,1,2.0,1100.0,550.0,,550.0,550.0,1,,Insufficient Data
Ragi,KRISHNAGIRI,16,1195455.0,164055748.0,182.2,154.22,522.99,1.13,36,84.65,Highly Variable
Ragi,DHARMAPURI,23,1442891.0,148152864.0,165.59,156.82,488.25,1.17,49,94.7,Highly Variable
Ragi,SALEM,23,401319.0,53117626.0,171.87,158.38,503.06,1.58,49,92.15,Highly Variable
Ragi,VELLORE,23,283478.0,44787956.0,178.11,157.36,474.77,1.81,49,88.35,Highly Variable
Ragi,ERODE,23,291145.0,23458572.0,128.08,135.14,446.67,0.81,45,105.52,Highly Variable
Ragi,TIRUVANNAMALAI,23,147741.0,18086900.0,147.42,131.27,401.51,0.98,49,89.04,Highly Variable
Ragi,VILLUPURAM,23,126651.0,15385836.0,147.31,129.29,440.36,1.53,49,87.77,Highly Variable
Ragi,KANCHIPURAM,23,45758.0,5138012.0,173.9,151.34,446.39,1.65,49,87.03,Highly Variable
Ragi,THIRUVALLUR,23,25190.0,3754883.0,173.36,149.75,448.88,1.7,49,86.38,Highly Variable
Ragi,RAMANATHAPURAM,23,32418.0,2846874.0,117.61,127.98,446.2,0.44,43,108.82,Highly Variable
Ragi,NAMAKKAL,23,23378.0,2678937.0,165.81,147.26,446.15,1.66,49,88.81,Highly Variable
Ragi,VIRUDHUNAGAR,23,14962.0,1571067.0,168.74,149.19,446.81,1.5,49,88.41,Highly Variable
Ragi,SIVAGANGA,23,12311.0,1509692.0,161.98,147.32,445.71,1.35,49,90.95,Highly Variable
Ragi,CUDDALORE,23,15781.0,1472023.0,168.95,150.02,450.0,1.14,49,88.8,Highly Variable
Ragi,TIRUNELVELI,23,11363.0,1414286.0,181.58,155.64,445.83,1.76,49,85.71,Highly Variable
Ragi,PUDUKKOTTAI,23,10751.0,931798.0,159.12,146.3,450.0,1.07,49,91.94,Highly Variable
Ragi,THOOTHUKUDI,21,3669.0,811000.0,243.88,102.8,448.0,35.78,21,42.15,Highly Variable
Ragi,DINDIGUL,23,7176.0,674365.0,165.24,152.99,444.44,1.29,48,92.59,Highly Variable
Ragi,THENI,23,4629.0,476222.0,161.96,146.79,442.86,1.54,48,90.63,Highly Variable
Ragi,COIMBATORE,23,5490.0,472969.0,160.02,144.93,410.0,1.03,47,90.57,Highly Variable
Ragi,MADURAI,23,4506.0,398725.0,158.35,145.38,450.0,1.39,49,91.81,Highly Variable
Ragi,PERAMBALUR,23,4852.0,396831.0,151.75,181.08,975.0,1.41,43,119.33,Highly Variable
Ragi,TIRUCHIRAPPALLI,23,4054.0,304366.0,145.21,136.85,400.0,1.15,45,94.24,Highly Variable
Ragi,KARUR,20,756.0,139918.0,179.42,155.52,445.45,1.89,38,86.68,Highly Variable
Ragi,ARIYALUR,11,503.0,99948.0,229.78,153.74,450.0,1.88,26,66.91,Highly Variable
Ragi,THANJAVUR,22,436.0,52355.0,159.33,142.07,400.0,2.0,41,89.17,Highly Variable
Ragi,THE NILGIRIS,12,357.0,22864.0,80.88,85.43,200.0,1.0,22,105.62,Highly Variable
Ragi,TUTICORIN,18,3920.0,22609.0,24.63,95.82,408.57,0.36,18,389.1,Highly Variable
Ragi,THIRUVARUR,5,34.0,4235.0,123.99,131.92,350.0,1.0,9,106.39,Highly Variable
Ragi,TIRUPPUR,2,23.0,4035.0,273.79,251.37,500.0,3.18,3,91.81,Highly Variable
Ragi,NAGAPATTINAM,5,11.0,1815.0,209.31,167.13,400.0,2.5,6,79.85,Highly Variable
Rice,THANJAVUR,23,6565404.0,1225972940.0,211.92,172.66,497.03,2.02,45,81.47,Highly Variable
Rice,VILLUPURAM,23,5536586.0,1159710936.0,237.75,190.24,485.53,2.99,45,80.02,Highly Variable
Rice,THIRUVARUR,23,6509659.0,1048182699.0,185.82,170.97,470.58,0.86,45,92.01,Highly Variable
Rice,NAGAPATTINAM,23,6177012.0,885148861.0,173.93,160.22,446.71,0.86,45,92.12,Highly Variable
Rice,CUDDALORE,23,4560944.0,883127867.0,216.47,178.19,476.66,1.91,45,82.32,Highly Variable
Rice,KANCHIPURAM,23,4327314.0,868887097.0,251.24,203.61,553.03,2.56,45,81.04,Highly Variable
Rice,TIRUVANNAMALAI,23,4162077.0,832368417.0,224.2,180.98,471.63,2.63,45,80.72,Highly Variable
Rice,THIRUVALLUR,23,3590875.0,739665972.0,235.06,188.58,495.91,2.61,45,80.23,Highly Variable
Rice,TIRUNELVELI,23,3031660.0,726853042.0,266.06,210.76,582.83,3.42,45,79.21,Highly Variable
Rice,TIRUCHIRAPPALLI,23,2383078.0,513381418.0,253.05,204.28,541.93,2.94,45,80.73,Highly Variable
Rice,PUDUKKOTTAI,23,3450143.0,511040904.0,178.08,154.81,446.82,1.65,45,86.94,Highly Variable
Rice,MADURAI,23,2173065.0,451388567.0,242.0,192.67,487.5,2.55,45,79.62,Highly Variable
Rice,RAMANATHAPURAM,23,4925893.0,416809328.0,84.36,111.54,362.09,0.17,39,132.23,Highly Variable
Rice,VELLORE,23,1772991.0,380066709.0,249.29,200.31,532.28,2.88,45,80.35,Highly Variable
Rice,ERODE,23,1471890.0,343696627.0,270.21,214.47,527.76,3.44,45,79.37,Highly Variable
Rice,SIVAGANGA,23,3047737.0,327353907.0,149.18,152.4,446.92,0.69,45,102.16,Highly Variable
Rice,SALEM,23,1090296.0,237173022.0,258.7,205.22,532.4,3.21,45,79.33,Highly Variable
Rice,DHARMAPURI,23,1152881.0,226561503.0,250.6,203.25,519.93,2.43,45,81.11,Highly Variable
Rice,VIRUDHUNAGAR,23,1069628.0,191373172.0,212.46,177.31,483.32,1.76,45,83.46,Highly Variable
Rice,KANNIYAKUMARI,23,792460.0,178090154.0,264.26,209.08,542.28,3.05,45,79.12,Highly Variable
Rice,PERAMBALUR,23,1088101.0,172261982.0,239.19,215.47,917.77,1.69,45,90.09,Highly Variable
Rice,DINDIGUL,23,666388.0,147598238.0,269.39,220.61,608.36,2.83,45,81.9,Highly Variable
Rice,THENI,23,592552.0,142988434.0,287.96,230.21,602.93,3.12,45,79.95,Highly Variable
Rice,THOOTHUKUDI,21,334462.0,142693600.0,413.12,62.91,516.62,220.8,25,15.23,Stable
Rice,KRISHNAGIRI,16,504446.0,131048298.0,294.23,209.64,500.62,2.57,32,71.25,Highly Variable
Rice,NAMAKKAL,23,520919.0,116931994.0,263.13,211.25,579.21,3.18,45,80.28,Highly Variable
Rice,KARUR,23,552624.0,109824183.0,222.08,190.3,556.29,2.58,42,85.69,Highly Variable
Rice,ARIYALUR,11,366086.0,101135038.0,310.87,185.17,538.76,2.08,22,59.56,Highly Variable
Rice,TIRUPPUR,11,135243.0,45096141.0,336.37,217.52,577.51,2.47,19,64.67,Highly Variable
Rice,COIMBATORE,23,241319.0,43436439.0,246.92,218.37,988.61,2.79,44,88.44,Highly Variable
Rice,THE NILGIRIS,23,43129.0,7523645.0,214.39,191.34,468.75,2.64,39,89.25,Highly Variable
Rice,TUTICORIN,18,300348.0,6964332.0,61.06,138.97,410.66,3.44,20,227.59,Highly Variable
Sugarcane,VILLUPURAM,23,2093393.0,13445383730.0,6260.29,5463.5,13290.1,87.16,39,87.27,Highly Variable
Sugarcane,CUDDALORE,23,1247553.0,7627047243.0,6370.14,5570.48,13480.4,94.91,39,87.45,Highly Variable
Sugarcane,ERODE,23,1098523.0,6997905769.0,6679.81,5936.36,14765.99,90.72,39,88.87,Highly Variable
Sugarcane,TIRUVANNAMALAI,23,1004584.0,5116712379.0,5049.78,4669.23,11671.89,14.31,39,92.46,Highly Variable
Sugarcane,NAMAKKAL,23,562797.0,4071751121.0,7322.2,6530.71,18841.5,79.2,39,89.19,Highly Variable
Sugarcane,VELLORE,23,662285.0,2870420774.0,4921.79,4347.39,9943.98,48.87,39,88.33,Highly Variable
Sugarcane,DHARMAPURI,23,621762.0,2864345892.0,4861.61,4325.33,11255.05,61.58,39,88.97,Highly Variable
Sugarcane,THANJAVUR,23,429413.0,2387823562.0,5923.9,5224.71,13438.9,89.53,39,88.2,Highly Variable
Sugarcane,THENI,23,311038.0,2117781360.0,6893.79,6372.79,22424.97,82.91,39,92.44,Highly Variable
Sugarcane,SALEM,23,384220.0,2042942650.0,5512.85,4951.91,13379.75,64.26,39,89.82,Highly Variable
Sugarcane,PERAMBALUR,23,360809.0,1959400940.0,5905.06,5848.51,25835.28,63.07,39,99.04,Highly Variable
Sugarcane,THIRUVALLUR,23,255875.0,1612746675.0,6286.24,5583.79,17287.42,94.99,39,88.83,Highly Variable
Sugarcane,PUDUKKOTTAI,23,250520.0,1486789277.0,6077.74,5451.64,14553.7,69.01,39,89.7,Highly Variable
Sugarcane,KANCHIPURAM,23,185227.0,1345108084.0,6324.03,6014.98,24265.79,78.58,39,95.11,Highly Variable
Sugarcane,COIMBATORE,23,228951.0,1296498691.0,6665.52,6732.01,31473.61,86.26,39,101.0,Highly Variable
Sugarcane,MADURAI,23,190675.0,1226130076.0,6121.57,6316.2,30348.48,67.79,39,103.18,Highly Variable
Sugarcane,KARUR,23,233288.0,1225534092.0,5636.3,5046.02,13676.58,64.09,39,89.53,Highly Variable
Sugarcane,DINDIGUL,23,203633.0,1129137981.0,5799.9,5453.58,14635.83,55.45,39,94.03,Highly Variable
Sugarcane,TIRUCHIRAPPALLI,23,200648.0,1113567812.0,5692.57,5049.4,14385.79,70.5,39,88.7,Highly Variable
Sugarcane,SIVAGANGA,23,187852.0,941185318.0,5095.65,4664.8,12393.17,63.09,39,91.54,Highly Variable
Sugarcane,TIRUNELVELI,23,155075.0,804691248.0,5336.64,4822.56,12279.45,63.82,39,90.37,Highly Variable
Sugarcane,ARIYALUR,11,113663.0,744089397.0,6843.76,4777.51,11620.43,90.67,16,69.81,Highly Variable
Sugarcane,VIRUDHUNAGAR,23,122709.0,668937994.0,5686.12,5010.98,12273.27,86.8,39,88.13,Highly Variable
Sugarcane,NAGAPATTINAM,23,137368.0,629923272.0,5126.25,4573.72,12273.3,66.45,39,89.22,Highly Variable
Sugarcane,TIRUPPUR,11,82742.0,562004498.0,7541.32,5498.69,13454.72,91.89,16,72.91,Highly Variable
Sugarcane,THIRUVARUR,23,65207.0,338156550.0,5902.61,5180.88,12279.46,91.25,39,87.77,Highly Variable
Sugarcane,KRISHNAGIRI,16,44769.0,229322978.0,5854.4,4834.6,12279.4,53.64,26,82.58,Highly Variable
Sugarcane,RAMANATHAPURAM,23,15142.0,85874804.0,5994.66,5230.5,12279.48,91.84,39,87.25,Highly Variable
Sugarcane,THOOTHUKUDI,21,4182.0,44016100.0,10489.57,832.39,12279.45,8699.39,21,7.94,Highly Stable
Sugarcane,THE NILGIRIS,19,910.0,5073572.0,6068.94,5143.12,12280.0,92.14,31,84.75,Highly Variable
Sugarcane,TUTICORIN,18,3780.0,767625.0,755.24,2520.11,10811.54,91.86,18,333.68,Highly Variable
Sugarcane,KANNIYAKUMARI,5,44.0,237552.0,5291.44,5480.58,11257.14,98.0,10,103.57,Highly Variable
